Player,Team,W,L,ERA,APP,GS,CG,SHO,SV,IP,H,R,ER,BB,SO,WP,HP,OBA
Cooper Hjerpe,Oregon State,11,2,2.53,18,17,0,0,1,103.1,67,31,29,23,161,3,10,0.18
Drew Thorpe,Cal Poly,10,1,2.32,15,15,1,1,0,104.2,65,31,27,25,149,5,2,0.175
Austin Peterson,Connecticut,11,3,3.83,18,17,0,0,0,110.1,100,58,47,25,147,1,10,0.239
Tanner Hall,Southern Miss,9,3,2.81,19,17,0,0,0,109,98,46,34,14,146,5,13,0.233
Parker Messick,Florida State,7,5,3.38,16,16,0,0,0,98.2,78,38,37,18,144,5,7,0.215
Shemar Page,Grambling,8,5,2.6,15,15,5,1,0,104,72,38,30,34,142,21,17,0.193
Justin Campbell,Oklahoma State,9,2,3.82,17,16,2,0,0,101.1,83,45,43,25,141,4,4,0.223
Hurston Waldrep,Southern Miss,6,2,3.2,17,17,2,1,0,90,71,38,32,33,140,13,6,0.213
Gabriel Hughes,Gonzaga,8,3,3.21,15,15,0,0,0,98,75,40,35,37,138,10,4,0.209
Jake Bennett,Oklahoma,10,4,3.69,20,19,0,0,1,117,106,57,48,22,133,6,9,0.236
Brycen Mautz,San Diego,10,2,3.87,16,15,1,1,0,90.2,90,40,39,22,129,2,8,0.258
Andrew Taylor,Central Michigan,8,4,3.21,17,15,1,0,1,84,61,32,30,27,126,3,6,0.202
Matt Duffy,Canisius,8,2,3.81,17,16,1,1,0,104,86,51,44,26,124,4,11,0.222
Jason Savacool,Maryland,8,3,2.93,17,16,0,0,0,107.2,84,40,35,28,123,0,5,0.213
Zebby Matthews,Western Carolina,4,6,3.67,22,10,0,0,4,95.2,94,50,39,21,122,8,8,0.253
Peter Hansen,Texas,11,3,3.76,17,17,1,1,0,107.2,94,47,45,19,120,2,5,0.233
Trey Dombroski,Monmouth,6,2,3.13,15,15,0,0,0,95,80,41,33,14,120,4,6,0.224
Carson Palmquist,Miami,9,4,2.89,16,16,0,0,0,84,70,33,27,32,118,1,7,0.221
Preston Johnson,Mississippi State,3,4,5.47,14,13,0,0,0,79,73,50,48,38,117,2,7,0.241
Joe Simeone,Gardner-Webb,9,6,3.59,15,15,4,2,0,105.1,78,45,42,31,116,6,10,0.202
Dylan Tebrake,Creighton,8,2,2.71,17,17,2,0,0,93,73,34,28,33,115,8,3,0.211
Brett Gillis,Portland,9,2,2.24,14,14,1,1,0,84.1,61,30,21,32,115,5,6,0.199
Kyle Jones,Toledo,7,3,4.24,17,15,2,0,1,91.1,86,47,43,25,114,16,6,0.24
Connor Noland,Arkansas,8,6,3.65,20,19,0,0,0,116,109,51,47,34,113,2,8,0.25
Nolan Santos,Bethune-Cookman,6,3,4.38,15,13,0,0,0,90.1,79,52,44,33,113,16,10,0.233
Tyler Schweitzer,Ball State,11,2,2.65,17,16,2,1,0,91.2,69,29,27,30,112,5,3,0.205
Patrick Pridgen,Florida International,2,7,4.77,14,14,0,0,0,71.2,69,46,38,44,112,14,14,0.246
John Michael Bertrand,Notre Dame,10,3,2.81,18,18,0,0,0,109,97,39,34,21,111,8,8,0.234
Quinn Mathews,Stanford,9,2,3.08,27,9,0,0,9,99.1,77,37,34,49,111,7,4,0.213
Thomas Harrington,Campbell,12,2,2.53,15,15,0,0,0,92.2,69,32,26,18,111,7,9,0.204
Daniel Avitia,Grand Canyon,8,5,4.06,15,12,0,0,0,84.1,70,43,38,19,111,3,12,0.227
Cade Kuehler,Campbell,4,6,4.07,16,15,0,0,0,84,57,42,38,38,111,18,5,0.184
Juaron Watts-Brown,Long Beach State,4,4,3.68,15,12,1,1,0,73.1,50,33,30,29,111,7,3,0.194
Pat Gallagher,Connecticut,11,3,3.41,17,17,1,1,0,103,97,43,39,29,110,7,3,0.246
Colin Fields,Valparaiso,4,7,5.38,15,15,0,0,0,73.2,71,49,44,46,110,5,8,0.258
Mason Adams,Jacksonville,5,5,4.8,15,15,0,0,0,90,84,53,48,31,108,8,13,0.246
Garrett Saylor,East Carolina,6,3,5.01,39,2,0,0,5,79,69,47,44,23,108,6,7,0.23
Chase Dollander,Tennessee,10,0,2.39,16,14,0,0,0,79,50,25,21,13,108,1,2,0.175
Cory Lewis,UC Santa Barbara,9,1,3.57,16,16,0,0,0,88.1,61,40,35,42,107,7,1,0.187
Trystan Vrieling,Gonzaga,4,4,4.91,15,15,0,0,0,80.2,75,48,44,46,107,7,3,0.246
Brandon Birdsell,Texas Tech,9,3,2.75,15,15,1,0,0,85,67,29,26,29,106,10,7,0.216
Nolan DeVos,Davidson,9,2,2.4,15,15,0,0,0,78.2,63,23,21,31,106,4,14,0.216
Rhett Lowder,Wake Forest,11,3,3.08,16,16,1,0,0,99.1,91,45,34,26,105,7,8,0.239
Dylan Delucia,Ole Miss,8,2,3.68,21,12,2,1,1,95.1,87,44,39,26,105,3,9,0.238
Spencer Giesting,Charlotte,7,4,3.72,21,6,0,0,0,75,59,34,31,42,105,6,3,0.213
Joshua Loeschorn,Long Island,11,3,3.06,17,16,0,0,1,97,87,50,33,29,104,2,11,0.231
Connor O'Halloran,Michigan,5,4,5.44,19,18,0,0,0,92.2,97,65,56,40,104,7,13,0.269
Zeke Wood,Texas State,7,1,3.78,17,16,0,0,0,88,59,45,37,51,103,8,8,0.19
Jared Poland,Louisville,5,5,3.46,17,15,0,0,0,83.1,79,45,32,32,103,5,6,0.245
Chase Burns,Tennessee,8,2,2.91,17,14,0,0,0,80.1,65,31,26,25,103,5,3,0.216
Ian Mejia,New Mexico State,6,4,4.29,16,15,1,1,0,100.2,116,59,48,32,102,11,7,0.286
Matt Brosky,Youngstown State,6,7,2.65,15,15,5,1,0,98.2,86,49,29,22,102,2,5,0.231
Nick Hull,Grand Canyon,7,1,3.72,16,16,0,0,0,96.2,90,43,40,28,102,10,4,0.25
David Sandlin,Oklahoma,9,4,5.59,19,18,0,0,0,95,100,63,59,31,102,2,8,0.267
Nate Peterson,Illinois-Chicago,4,5,3.89,14,14,1,1,0,88,85,46,38,21,102,4,5,0.252
Rob Hensey,Monmouth,3,7,3.87,14,14,0,0,0,81.1,81,46,35,13,102,2,6,0.256
Hunter Elliott,Ole Miss,5,3,2.7,20,12,0,0,0,80,57,29,24,34,102,6,10,0.201
Tyler Cleveland,Central Arkansas,7,2,2.93,14,14,4,1,0,95.1,84,36,31,16,101,1,4,0.235
Erik Gonzales,Jackson State,6,5,4.97,19,15,1,0,0,92.1,79,57,51,47,101,7,24,0.239
Cole Kitchen,Santa Clara,4,4,4.36,15,14,0,0,1,72.1,68,42,35,32,101,4,9,0.24
Roberto Maldonado,Prairie View,7,4,3.5,15,15,2,1,0,100.1,87,53,39,44,100,10,7,0.241
Chris McElvain,Vanderbilt,6,5,4.27,16,16,0,0,0,86.1,68,49,41,44,100,9,2,0.211
Kevin Stevens,UT Rio Grande Valley,9,2,2.66,14,14,1,1,0,81.1,69,26,24,29,100,5,3,0.23
Adam Mazur,Iowa,7,3,3.08,15,15,1,1,0,93.2,60,37,32,30,98,5,4,0.178
Ledgend Smith,Oral Roberts,7,5,2.5,15,14,0,0,0,82.2,70,30,23,22,98,4,5,0.231
Graham Laubscher,St. Thomas,4,6,5.47,14,12,0,0,1,79,79,49,48,42,98,3,10,0.27
Ixan Henderson,Fresno State,7,4,4.69,14,14,0,0,0,78.2,74,46,41,37,98,6,13,0.25
Isaiah Coupet,Ohio State,5,5,5.71,13,13,0,0,0,64.2,49,52,41,41,98,6,7,0.197
Blake Hely,Davidson,9,2,3.8,15,15,1,1,0,85.1,65,40,36,40,97,6,16,0.207
Carter Holton,Vanderbilt,8,4,3.14,15,15,2,1,0,80.1,56,32,28,29,97,5,13,0.192
Alex Williams,Stanford,8,4,3.2,18,18,2,1,0,101.1,87,42,36,25,96,9,6,0.229
Eli Morse,Portland,8,2,3.91,16,14,0,0,0,89.2,91,45,39,26,96,6,10,0.259
Paul Skenes,Air Force,10,3,2.73,15,15,0,0,0,85.2,70,30,26,30,96,5,5,0.224
Bryce Hubbart,Florida State,8,3,3.32,15,15,0,0,0,76,67,33,28,21,96,3,12,0.233
Trevor Nicholson,Eastern Illinois,5,2,4.71,15,13,0,0,2,72.2,71,42,38,30,96,4,3,0.258
Austin Parsley,UNC Greensboro,10,5,4.02,21,18,3,1,1,114.1,125,53,51,16,95,2,7,0.278
Shane Gray,Evansville,8,3,4.39,15,15,1,0,0,98.1,100,55,48,25,95,3,4,0.261
Ryan Jennings,Louisiana Tech,6,1,3.59,21,14,0,0,0,90.1,68,37,36,37,95,8,13,0.211
Matt Willadsen,NC State,5,4,4.19,16,14,1,0,0,88,81,51,41,45,95,12,9,0.241
Trevin Michael,Oklahoma,4,2,2.89,32,2,0,0,10,71.2,55,25,23,20,95,8,3,0.211
Landon Gartman,Memphis,7,1,3.56,15,13,0,0,1,86,54,35,34,29,94,5,3,0.175
Trace Bright,Auburn,5,4,5.13,18,17,0,0,0,80.2,78,51,46,38,94,8,6,0.252
Hunter Viets,Florida A&M,8,4,2.98,15,15,0,0,0,90.2,84,45,30,27,93,9,4,0.245
Harrison Cohen,George Washington,7,7,3.92,14,14,0,0,0,87.1,82,49,38,28,93,4,10,0.243
Matthew Marchal,Wofford,7,2,2.52,18,17,0,0,0,85.2,75,32,24,12,93,5,2,0.225
Cade Gibson,Louisiana Tech,6,5,4.87,19,13,0,0,1,85,83,46,46,19,93,4,14,0.253
Max Rajcic,UCLA,8,5,3.28,15,15,0,0,0,85,73,37,31,20,92,6,5,0.223
Matt Boswell,South Alabama,6,5,4.82,15,15,1,0,0,84,79,46,45,19,92,2,11,0.245
Cameron Weston,Michigan,5,4,4.74,20,11,0,0,4,81.2,92,49,43,38,92,9,6,0.281
Will Sanders,South Carolina,7,3,3.43,15,15,0,0,0,89.1,84,40,34,31,91,3,7,0.249
Andrew Morris,Texas Tech,8,2,4.59,16,15,1,0,0,88.1,80,49,45,28,91,4,8,0.24
Jackson Perkins,Indiana,3,4,5.1,16,15,0,0,0,83,77,56,47,47,91,12,21,0.24
Matthew Steidl,Southern Illinois,7,4,3.45,30,1,0,0,6,75.2,77,34,29,31,91,2,17,0.262
Joe Miller,Pennsylvania,6,4,3.63,13,11,0,0,0,74.1,64,37,30,36,91,10,3,0.234
Jacob Meador,Dallas Baptist,7,3,5.24,15,14,0,0,0,68.2,61,45,40,44,91,5,5,0.235
Orion Kerkering,South Florida,5,7,5.72,19,10,0,0,3,67.2,75,47,43,19,91,5,8,0.283
Josh White,California,2,6,5.05,16,8,0,0,2,67.2,70,46,38,42,91,12,2,0.26
Ryan Fischer,New Jersey Tech,7,3,3.97,15,15,2,0,0,95.1,93,42,42,23,90,2,3,0.261
Ryan Ramsey,Maryland,11,1,3.22,16,15,1,1,0,92.1,63,37,33,41,90,4,10,0.193
Blake Adams,Kansas State,6,6,5.07,17,13,0,0,0,87,90,54,49,34,90,6,5,0.262
Benjamin Hampton,West Virginia,8,5,4.66,15,15,0,0,0,83,81,45,43,27,90,9,10,0.253
Hagen Smith,Arkansas,7,2,4.66,20,15,0,0,2,77.1,66,41,40,46,90,5,9,0.232
Alex Pansini,Marist,8,4,4.21,14,11,0,0,0,77,78,46,36,21,90,8,9,0.258
Aidan Maldonado,Minnesota,2,3,3.91,14,13,0,0,0,73.2,63,33,32,35,90,4,7,0.232
Nathan Florence,Rutgers,6,2,3.36,15,15,0,0,0,67,48,29,25,31,90,7,4,0.198
Jared Kollar,Rutgers,9,2,4.07,16,15,1,0,0,79.2,73,37,36,24,89,3,4,0.241
Stefan Raeth,Washington,5,4,3.39,30,2,0,0,4,66.1,57,29,25,19,89,3,3,0.228
Matt Gilbertson,Pittsburgh,9,3,3.74,15,15,1,1,0,96.1,102,46,40,11,88,10,4,0.268
Breon Pooler,Alabama State,10,3,3.33,17,15,1,0,0,89.1,79,37,33,44,88,3,5,0.235
Cole Kirschsieper,Illinois,7,2,3.4,15,15,0,0,0,87.1,75,33,33,29,88,3,3,0.232
Connelly Early,Army,7,4,3.26,16,14,1,0,0,85.2,69,38,31,38,88,4,7,0.219
Ty Good,College of Charleston,10,5,3.61,17,15,0,0,0,82.1,58,41,33,38,88,7,14,0.201
Ryan Towle,UMass Lowell,3,6,6.1,19,12,0,0,2,79.2,80,66,54,44,88,9,6,0.26
Maxwell Carlson,North Carolina,4,3,3.71,18,18,0,0,0,77.2,70,37,32,38,88,9,5,0.239
Erubiel Candelario,Marist,8,3,4.25,14,14,0,0,0,76.1,74,45,36,36,88,6,6,0.248
Connor Brandon,Toledo,7,5,4.76,17,15,1,0,1,75.2,73,49,40,42,88,5,17,0.253
Blaze Koali'i Pontes,Hawaii,5,1,2.94,20,7,0,0,1,70.1,68,29,23,26,88,3,5,0.248
Drue Hackenberg,Virginia Tech,10,2,3.3,17,16,0,0,0,92.2,95,42,34,19,87,8,9,0.259
Dylan Carmouche,Tulane,5,5,4.48,16,16,1,0,0,90.1,88,51,45,31,87,5,5,0.259
Beau Keathley,Cincinnati,5,3,4.87,16,11,3,0,0,85,89,54,46,31,87,1,16,0.267
Harley Gollert,Austin Peay,2,7,6.1,15,14,0,0,0,82.2,90,63,56,38,87,1,6,0.276
Jeremy Neff,Richmond,3,5,5.63,16,16,0,0,0,78.1,82,60,49,49,87,5,10,0.273
Austin Temple,Notre Dame,4,1,3.51,18,15,0,0,2,69.1,49,29,27,37,87,4,7,0.2
Jordan Hamberg,Coppin State,6,3,5.15,13,13,1,1,0,64.2,63,47,37,40,87,5,1,0.259
Alex Theis,Wright State,6,1,3.36,18,9,0,0,0,59,59,27,22,35,87,7,13,0.259
Blaine Traxel,Cal State Northridge,7,4,3,19,14,2,1,1,105,112,41,35,23,86,2,11,0.28
Hayden Arnold,Little Rock,5,6,3.14,15,15,1,1,0,94.2,82,35,33,15,86,9,4,0.23
Levi Wells,Texas State,8,3,3.07,18,16,1,0,0,91,79,34,31,32,86,6,8,0.231
Tyler Stultz,Cal State Fullerton,5,5,3.36,15,14,0,0,0,88.1,84,39,33,24,86,2,10,0.246
Mike Gutierrez,UC Santa Barbara,9,1,3.2,16,15,0,0,0,87.1,80,38,31,38,86,8,8,0.256
Brian Edgington,Elon,6,4,3.56,15,15,1,0,0,86,82,41,34,27,86,4,3,0.247
Thomas Babalis,Binghamton,4,7,6.04,16,16,0,0,0,85,95,70,57,31,86,7,12,0.279
Micah Dallas,Texas A&M,7,3,5.18,18,16,0,0,0,81.2,100,52,47,22,86,12,5,0.294
John Bezdicek,Kennesaw State,5,1,3.76,18,17,0,0,0,81.1,61,42,34,35,86,6,11,0.205
Ben Seiler,Siena,4,6,4.35,13,13,0,0,0,80.2,89,59,39,28,86,13,9,0.266
Nolan McCarthy,Georgetown,6,2,4.77,14,14,2,1,0,79.1,82,46,42,21,86,2,5,0.264
Jace Kaminska,Wichita State,3,9,5.49,15,12,0,0,0,78.2,80,52,48,29,86,5,8,0.268
Jonathan Brand,Miami (OH),8,2,1.4,13,13,2,1,0,77.1,59,20,12,29,86,4,7,0.206
Hayden Wynja,Murray State,7,4,3.67,15,14,1,1,0,73.2,67,45,30,24,86,13,7,0.232
Michael Knorr,Coastal Carolina,5,0,3.39,13,13,0,0,0,69,60,31,26,13,86,4,8,0.228
Tristan Stivors,Texas State,7,1,2.21,32,1,0,0,18,61,47,18,15,19,86,9,2,0.21
Hunter Riggins,Southern Miss,8,4,2.59,16,16,1,1,0,97.1,85,36,28,21,85,4,9,0.232
Cam Schlittler,Northeastern,5,8,3.44,15,15,0,0,0,91.2,77,40,35,32,85,9,10,0.229
Reid VanScoter,Coastal Carolina,9,4,3.65,16,16,0,0,0,88.2,84,48,36,24,85,11,10,0.247
Juan Marulanda,Jackson State,7,8,4.79,21,12,2,1,0,82.2,75,56,44,34,85,4,19,0.237
Garrett Navarra,Central Michigan,10,3,5.15,18,11,2,1,1,80.1,96,50,46,27,85,9,3,0.295
Riley Frey,Milwaukee,5,5,4.1,14,13,2,1,1,79,81,47,36,31,85,11,4,0.263
Adam Tulloch,Arizona State,2,4,8.42,18,17,0,0,0,67.1,89,70,63,38,85,4,5,0.314
TJ Nichols,Arizona,6,4,5.5,16,16,0,0,0,88.1,98,60,54,38,84,13,13,0.285
Joe Adametz,Liberty,6,3,2.51,16,16,0,0,0,86,94,34,24,25,84,6,12,0.281
Jake Dixon,Fresno State,1,5,4.56,16,14,0,0,1,79,88,50,40,23,84,7,9,0.278
Brian Gursky,Virginia,7,3,3.97,14,14,0,0,0,70.1,69,34,31,32,84,4,3,0.256
Josh Harlow,Mercer,7,2,4.92,15,15,0,0,0,67.2,57,39,37,27,84,3,10,0.22
Alex Hoppe,UNC Greensboro,8,2,2.97,26,0,0,0,3,66.2,49,27,22,30,84,9,2,0.197
Cameron Foster,McNeese,4,2,1.86,29,0,0,0,12,63,35,17,13,20,84,7,7,0.164
Garrett McMillan,Alabama,4,5,4.29,16,16,0,0,0,86,79,47,41,26,83,3,5,0.241
Ryan Vanderhei,Kansas,5,6,6.46,14,14,0,0,0,78,79,58,56,43,83,7,12,0.262
Owen Wild,Gonzaga,9,1,3.03,16,8,0,0,1,74.1,70,29,25,24,83,2,3,0.252
DJ Wilkinson,Florida A&M,5,6,5.69,15,15,0,0,0,74.1,85,68,47,33,83,16,8,0.283
Nathan Dettmer,Texas A&M,6,3,4.99,19,19,0,0,0,92,98,58,51,25,82,9,7,0.265
Brandon Sproat,Florida,9,4,3.41,17,16,0,0,0,89.2,84,37,34,33,82,0,9,0.251
Jacob Edwards,UNC Asheville,8,3,2.24,15,14,0,0,0,88.1,77,33,22,26,82,5,10,0.232
Joshua South,Belmont,8,2,5.11,15,15,0,0,0,88,88,53,50,28,82,8,6,0.257
Nick Pinto,UC Irvine,2,6,3.23,15,15,0,0,0,86.1,87,42,31,31,82,4,8,0.264
Edward Kutt IV,Ohio,5,4,5.15,15,14,1,0,1,85.2,102,60,49,25,82,5,22,0.303
Jordan Patty,Central Michigan,6,5,4.83,16,14,0,0,0,82,75,47,44,38,82,4,4,0.244
Jason Woodward,Florida Gulf Coast,6,4,4.11,15,15,0,0,0,76.2,72,40,35,34,82,10,0,0.248
Rese Brown,Eastern Kentucky,6,3,3.76,14,14,1,1,0,76.2,59,33,32,30,82,4,9,0.212
Tyler Morgan,Abilene Christian,6,5,4.92,16,16,0,0,0,75,86,52,41,30,82,9,8,0.289
Joey Machado,Omaha,4,6,2.96,21,2,0,0,4,73,78,36,24,27,82,10,6,0.273
Michael Darrell-Hicks,Jacksonville,5,5,4.13,15,14,0,0,0,72,69,36,33,33,82,7,9,0.254
Jackson Kelley,Mercer,7,0,1.35,25,0,0,0,6,60,32,9,9,18,82,3,3,0.158
Cameron Reeves,The Citadel,4,7,3.84,14,14,1,0,0,89,88,44,38,25,81,5,7,0.254
Nick Parker,Coastal Carolina,6,3,4.45,15,15,1,0,0,85,83,48,42,23,81,4,17,0.257
Sebastian Gongora,Wright State,5,1,5.88,16,15,1,1,0,82.2,85,61,54,31,81,5,8,0.26
Devin Beckley,The Citadel,4,4,3.18,19,11,1,1,2,82,65,34,29,38,81,11,1,0.213
Nick King,Bradley,5,3,3.48,20,9,0,0,0,77.2,59,38,30,46,81,10,10,0.207
Michael Garza,Incarnate Word,5,5,5.8,13,13,0,0,0,73,83,53,47,26,81,2,4,0.286
Arlo Marynczak,Siena,2,6,6.37,17,4,0,0,1,65,86,57,46,16,81,0,10,0.325
Kyle Klingenbeck,Northern Kentucky,3,8,9.51,15,15,1,0,0,64.1,73,72,68,49,81,12,14,0.285
Nick DeSalvo,Long Island,5,1,3.67,23,1,0,0,1,61.1,69,29,25,18,81,9,8,0.283
Matt Jachec,Indiana State,9,2,2.88,14,14,0,0,0,97,96,39,31,9,80,5,6,0.257
Isaac Ayon,Oregon,4,4,5.77,17,16,2,0,0,87.1,109,63,56,29,80,2,12,0.306
Nick Dean,Maryland,6,2,4.57,15,15,0,0,0,82.2,84,48,42,27,80,2,5,0.258
Hector Vazquez,Bethune-Cookman,7,5,3.79,16,14,1,1,1,80.2,91,47,34,14,80,5,6,0.283
Matt Dillard,Sam Houston,5,6,4.93,15,15,0,0,0,80.1,92,50,44,27,80,1,9,0.291
Sam Ireland,Minnesota,4,5,5.27,14,13,0,0,0,71.2,74,46,42,38,80,4,10,0.267
Smith Pinson,Kennesaw State,6,6,4.99,24,3,0,0,3,65,62,38,36,13,80,16,6,0.251
Mike Walsh,Yale,4,2,5.68,11,11,0,0,0,65,58,43,41,31,80,5,24,0.237
Trent Gregson,Central Arkansas,6,4,4.3,22,2,0,0,4,60.2,54,29,29,18,80,1,6,0.24
William Privette,College of Charleston,3,1,0.91,25,0,0,0,12,59.1,31,14,6,15,80,1,3,0.148
Hunter Cooley,Florida Atlantic,8,4,4.67,15,15,2,0,0,104,106,58,54,17,79,0,9,0.262
Jason Rackers,Southeast Missouri State,6,4,4.62,17,15,0,0,0,89.2,89,54,46,31,79,13,6,0.262
Devyn Terbrak,Western Kentucky,7,4,5.36,14,14,0,0,0,89,104,57,53,14,79,3,11,0.29
Jacob Kisting,Bradley,6,4,4.88,15,15,0,0,0,83,76,49,45,33,79,3,14,0.245
Jacob Schultz,Louisiana,4,3,4.05,22,11,2,0,3,82.1,85,41,37,23,79,12,10,0.27
Collin Lowe,Bryant,5,4,2.8,14,14,0,0,0,80.1,70,33,25,16,79,2,10,0.233
Nate Savino,Virginia,6,6,3.69,15,15,1,1,0,78,78,42,32,32,79,6,5,0.259
Kyle Crigger,Louisiana Tech,6,3,2.35,37,0,0,0,9,69,60,23,18,17,79,8,8,0.233
Kevin Eaise,Pennsylvania,7,1,4.03,13,13,0,0,0,67,66,31,30,28,79,4,7,0.257
Jackson Smeltz,Purdue,6,1,2.83,10,10,0,0,0,57.1,40,22,18,22,79,4,0,0.198
Isaac Coffey,Oral Roberts,7,6,3.77,15,15,3,2,0,88.1,69,42,37,16,78,1,16,0.211
Noah Hall,South Carolina,3,5,4.34,15,12,0,0,0,76.2,75,41,37,31,78,11,11,0.253
Mack Anglin,Clemson,6,6,4.48,15,15,0,0,0,76.1,63,44,38,52,78,9,7,0.227
Isaiah Magwood,Jacksonville State,7,2,2.58,14,10,0,0,0,69.2,58,25,20,33,78,7,6,0.235
Michael Sansone,Fairfield,5,2,4.48,11,11,0,0,0,68.1,49,35,34,12,78,2,3,0.196
Travis Luensmann,Penn State,2,3,4.52,15,12,0,0,2,67.2,68,43,34,34,78,7,5,0.256
Sean Sullivan,Northwestern,5,2,4.45,13,13,1,1,0,64.2,66,33,32,25,78,1,8,0.263
Cole Patten,Villanova,3,7,3.98,14,13,0,0,0,86,82,49,38,30,77,4,7,0.25
Lucas Gordon,Texas,7,2,3.05,18,16,1,1,0,85.2,71,36,29,26,77,6,13,0.224
Nikelle Galatas,Jackson State,6,2,3.94,15,13,4,0,0,82.1,81,44,36,31,77,4,14,0.263
Drew Dowd,Stanford,6,0,4.54,22,15,0,0,0,75.1,77,40,38,34,77,7,12,0.266
Riley Cornelio,TCU,4,5,4.68,15,15,0,0,0,75,63,46,39,35,77,7,4,0.227
Bradley Brehmer,Indiana,5,4,5.3,17,14,1,0,0,74.2,74,48,44,33,77,8,17,0.254
Lucas Braun,Cal State Northridge,7,4,2.91,20,10,1,0,0,74.1,62,25,24,17,77,6,6,0.226
Jack Lynch,Xavier,9,0,2.8,28,0,0,0,1,64.1,48,24,20,21,77,8,11,0.204
Brad Camarda,Hofstra,8,2,3.87,16,15,1,1,0,95.1,85,45,41,31,76,5,7,0.234
Travis Weston,Cal Poly,7,3,3.91,16,15,2,2,0,94.1,106,44,41,15,76,3,5,0.277
Cal Carver,Northwestern State,4,5,4.71,14,14,0,0,0,84,104,56,44,21,76,10,10,0.303
Braxton Douthit,Lamar,6,2,3.65,15,15,0,0,0,81.1,79,42,33,20,76,10,4,0.249
Shay Schanaman,Nebraska,2,8,4.44,15,13,2,1,0,77,75,48,38,29,76,7,11,0.251
Carter Spivey,East Carolina,8,0,2.83,35,2,0,0,5,76.1,70,28,24,19,76,6,2,0.245
Nick Pantos,Old Dominion,6,2,4.36,17,15,0,0,0,76.1,83,43,37,31,76,10,12,0.277
Ty Johnson,Ball State,7,3,5.47,16,14,0,0,0,75.2,66,49,46,25,76,7,16,0.233
CJ Culpepper,California Baptist,5,3,3.26,16,14,1,1,1,69,55,30,25,24,76,5,4,0.216
Marcus Johnson,Duke,1,8,5.61,13,12,0,0,0,69,80,50,43,25,76,4,2,0.278
Domenic Picone,Rhode Island,4,5,8.62,14,13,0,0,0,62.2,70,70,60,32,76,14,9,0.267
Joshua Becker,UMass Lowell,6,5,5.32,20,15,1,0,2,94.2,119,60,56,25,75,10,7,0.308
Andy Bean,Belmont,9,1,4.64,15,15,1,0,0,85.1,73,47,44,36,75,8,9,0.231
Blake Sodersten,Cal State Northridge,5,6,5.67,19,11,0,0,1,81,103,58,51,28,75,6,7,0.302
Joey Kosowsky,Fairleigh Dickinson,5,4,5.67,17,15,0,0,0,81,81,58,51,30,75,5,7,0.252
Jeffrey Purnell,Marshall,5,6,5.4,14,14,0,0,0,80,82,50,48,28,75,5,11,0.268
Nick Smith,Evansville,6,4,4.35,15,15,1,1,0,78.2,79,41,38,25,75,3,9,0.263
Dylan Nedved,Iowa,6,2,3.47,20,6,0,0,3,72.2,51,33,28,28,75,5,14,0.202
C.J. Mayhue,East Carolina,6,1,3.36,31,12,0,0,1,72.1,53,30,27,17,75,3,7,0.203
Connor Markl,Grand Canyon,6,3,5.43,16,14,0,0,0,69.2,85,45,42,17,75,6,8,0.301
Skylar Hales,Santa Clara,3,3,4.91,15,12,0,0,0,69.2,71,45,38,36,75,5,4,0.261
Cregg Scherrer,Albany,2,5,4.73,16,10,0,0,0,64.2,54,45,34,41,75,11,9,0.224
Jake Miller,Valparaiso,6,2,5.58,12,11,0,0,1,61.1,71,39,38,17,75,4,6,0.285
Jacob Watters,West Virginia,3,7,6.22,18,11,0,0,1,59.1,64,44,41,41,75,15,1,0.275
Nathan Medrano,Houston,6,4,5.18,21,14,0,0,1,80,83,51,46,32,74,9,15,0.268
Kelly Austin,UCLA,4,3,4.07,25,16,0,0,1,77.1,79,39,35,16,74,5,2,0.262
Brett Erwin,Maine,2,6,4.52,14,13,0,0,0,71.2,82,45,36,19,74,6,13,0.284
Hunter Loyd,East Tennessee State,4,4,3.89,13,13,0,0,0,71.2,62,47,31,36,74,11,11,0.227
Tyler LeBlanc,New Orleans,7,1,5.09,14,11,1,0,0,70.2,64,47,40,33,74,8,15,0.239
Brandon Neely,Florida,3,3,3.76,21,10,0,0,1,69.1,53,30,29,20,74,6,9,0.205
Chance Huff,Georgia Tech,5,4,6.98,16,15,0,0,0,68.1,81,59,53,24,74,4,6,0.283
Jesus Aldaz,UT Rio Grande Valley,5,6,5.35,15,13,0,0,1,67.1,73,43,40,22,74,2,4,0.275
Trennor ODonnell,Ball State,6,2,5.48,14,14,0,0,0,65.2,67,43,40,27,74,2,2,0.261
Reid Fagerstrom,Jacksonville State,4,3,4.45,17,10,0,0,0,64.2,67,38,32,38,74,6,3,0.27
Ty Langenberg,Iowa,7,2,3.71,14,12,0,0,0,63,60,28,26,23,74,7,9,0.248
Brandyn Garcia,Quinnipiac,4,7,7.15,13,12,0,0,0,61.2,60,55,49,43,74,9,13,0.252
Owen Coady,Pennsylvania,7,1,2.8,14,2,0,0,2,54.2,40,20,17,22,74,8,4,0.2
Jack Parisi,Indiana State,4,3,6.31,19,5,0,0,1,51.1,55,41,36,29,74,6,10,0.266
Jonathan Fincher,Louisiana Tech,8,2,3.52,19,14,0,0,0,79.1,88,33,31,9,73,5,3,0.28
Ma'Khail Hilliard,LSU,7,1,4.56,16,16,0,0,0,77,90,44,39,20,73,8,5,0.282
Luke Benneche,Lafayette,1,10,4.5,12,12,2,0,0,66,58,46,33,32,73,3,12,0.23
Dane Armbrustmacher,Western Michigan,4,6,6.47,16,14,0,0,1,65.1,85,50,47,29,73,5,6,0.326
Joan Gonzalez,Bethune-Cookman,3,5,4.95,15,6,0,0,2,60,65,38,33,24,73,7,6,0.274
Wyatt Loncar,Ohio State,2,4,4.56,13,10,0,0,0,51.1,43,28,26,30,73,7,7,0.217
Jack Myers,Kennesaw State,5,3,4.47,18,15,1,0,0,90.2,88,54,45,32,72,7,15,0.245
Kyle Luckham,Arizona State,7,3,4.36,15,15,0,0,0,86.2,98,47,42,23,72,5,8,0.283
Tristan Stevens,Texas,7,6,4.73,26,12,0,0,3,85.2,90,49,45,24,72,4,8,0.269
Grant Rogers,McNeese,7,4,4.26,15,14,0,0,0,82.1,72,53,39,22,72,3,6,0.228
Peyton Winebarger,North Carolina A&T,3,7,6,15,14,0,0,0,72,75,56,48,48,72,19,8,0.269
Tyler Nichol,Coppin State,2,3,5.55,14,13,0,0,0,71.1,76,57,44,47,72,12,10,0.27
Steven Zobac,California,4,4,4.09,20,10,0,0,0,61.2,55,31,28,20,72,5,4,0.236
Will Haberstock,North Alabama,2,7,7.2,12,12,0,0,0,60,70,51,48,45,72,11,7,0.292
Brandon Schaeffer,North Carolina,7,3,3.75,21,18,1,1,1,96,110,45,40,24,71,5,9,0.293
Garrett Irvin,Arizona,5,4,3.38,16,16,0,0,0,96,85,44,36,29,71,8,4,0.235
Jacob Cravey,Samford,5,3,4.03,15,15,0,0,0,82.2,80,43,37,35,71,6,5,0.259
Will Hesslink,Manhattan,5,7,5.36,14,14,1,0,0,82.1,108,55,49,29,71,5,8,0.313
Jackson Reynolds,UAB,2,6,3.92,15,15,0,0,0,80.1,85,50,35,21,71,3,5,0.272
Kaid Karnes,SIU Edwardsville,6,4,2.83,16,10,1,0,1,76.1,85,42,24,21,71,1,1,0.279
Cole McMillan,Washington State,5,5,5.45,14,14,0,0,0,76,81,51,46,34,71,3,10,0.272
Dalton Rhadans,Wofford,7,4,3.72,34,1,0,0,10,72.2,75,32,30,13,71,2,8,0.263
Grant Taylor,Washington State,4,5,4.67,14,14,1,1,0,71.1,75,50,37,28,71,9,7,0.267
Luke Rettig,Lehigh,8,2,2.4,13,13,2,2,0,71.1,60,26,19,34,71,3,16,0.233
Cade Halemanu,Hawaii,4,5,4.69,15,15,0,0,0,71,76,50,37,41,71,6,4,0.271
Cooper Chandler,Rice,2,7,5.09,14,12,0,0,0,63.2,71,41,36,22,71,3,10,0.285
Genner Cervantes,Abilene Christian,6,4,5.19,15,13,1,0,0,59,71,40,34,21,71,17,5,0.286
Benji Caggianelli,CSU Bakersfield,2,3,4.53,14,12,0,0,0,53.2,37,42,27,39,71,12,11,0.19
Jared Mathewson,UNC Greensboro,5,7,4.44,18,18,1,0,0,97.1,100,55,48,31,70,2,4,0.27
Adam Link,Missouri State,6,5,4.8,18,17,0,0,0,90,114,61,48,22,70,6,5,0.302
Steven Beard,Sam Houston,6,4,4.28,16,14,1,0,0,82,95,44,39,20,70,1,13,0.3
Chad Coles,Youngstown State,4,5,5.26,26,10,0,0,1,77,69,49,45,42,70,9,8,0.237
Tate Kuehner,Louisville,7,3,3.57,25,8,0,0,4,70.2,61,38,28,32,70,8,9,0.226
Zac Addkison,Marshall,1,3,5.97,14,10,0,0,0,63.1,72,52,42,28,70,13,7,0.28
John Bakke,Morehead State,4,3,4.05,26,5,1,0,8,60,59,29,27,24,70,2,1,0.254
Koty Frank,Nebraska,5,0,3.81,14,7,0,0,0,59,54,30,25,19,70,2,4,0.241
Adam Wheaton,Lamar,10,2,2.66,15,14,0,0,0,91.1,83,35,27,29,69,3,4,0.241
Billy Corcoran,Pittsburgh,7,5,4.43,14,14,1,0,0,85.1,93,51,42,8,69,2,5,0.272
Trystan Levesque,Rhode Island,5,6,4.37,14,14,0,0,0,78.1,84,41,38,22,69,5,0,0.273
Cam Barlow,UL Monroe,2,7,5.14,15,15,0,0,0,77,82,53,44,31,69,5,8,0.28
Luke Johnson,UMBC,3,2,3.93,14,14,0,0,0,73.1,66,36,32,34,69,9,7,0.244
Charlie Bell,Omaha,5,5,3.82,14,14,0,0,0,70.2,69,33,30,25,69,2,1,0.255
Cory Bosecker,Butler,0,7,6.75,14,14,0,0,0,68,78,55,51,25,69,10,14,0.297
Jackson Emus,Princeton,2,6,4.77,12,11,0,0,0,68,66,43,36,23,69,9,10,0.246
Kyle Lesler,Manhattan,4,2,4.26,15,11,0,0,2,61.1,60,31,29,26,69,5,10,0.254
Caleb Franzen,Portland,2,5,4.85,18,7,0,0,1,59.1,60,34,32,21,69,5,4,0.262
Garrett Gainous,Troy,5,4,2.98,12,12,0,0,0,57.1,54,25,19,25,69,5,3,0.256
Brock Weirather,Richmond,6,5,5.54,16,16,1,1,0,89.1,113,66,55,25,68,3,9,0.311
Matthew Sox,Utah,4,5,5.51,14,14,1,0,0,83.1,89,57,51,26,68,4,8,0.272
Louis Lipthratt,Bethune-Cookman,6,4,3.91,14,14,0,0,0,80.2,69,43,35,32,68,7,9,0.228
Jonathan Cannon,Georgia,9,4,4.02,13,13,0,0,0,78.1,67,36,35,12,68,5,12,0.226
Jack Sterner,BYU,4,4,3.18,14,14,0,0,0,73.2,78,30,26,22,68,10,6,0.275
Nic McCay,South Dakota State,4,4,5.8,14,14,0,0,0,68.1,85,55,44,29,68,6,9,0.295
Riley Gowens,Illinois,5,4,4.86,13,13,0,0,0,66.2,52,38,36,27,68,2,8,0.215
Caleb Leys,Maine,3,3,4.64,15,14,0,0,0,66,64,38,34,47,68,10,7,0.257
Conner Roberts,Saint Mary's,3,3,3.74,14,14,0,0,0,65,58,32,27,25,68,10,18,0.235
Jarret Whorff,Louisiana Tech,5,7,6.26,20,14,0,0,0,64.2,69,55,45,34,68,8,13,0.273
Andrew Shoultz,Central Arkansas,3,6,4.87,20,5,0,0,4,61,60,41,33,25,68,9,0,0.251
Grayson Hitt,Alabama,4,3,5.34,14,14,0,0,0,60.2,66,41,36,30,68,3,5,0.277
Jake Bloss,Lafayette,6,3,3.57,11,11,1,1,0,58,61,33,23,28,68,5,3,0.262
Ben Gerl,Northern Kentucky,4,6,5.24,19,12,1,0,1,89.1,105,66,52,47,67,10,8,0.297
Duncan Howard,Presbyterian,7,4,2.69,15,14,0,0,1,83.2,87,36,25,25,67,7,0,0.266
Ryan Gallagher,UC Santa Barbara,8,0,3.25,16,15,0,0,0,83,90,37,30,28,67,6,3,0.276
Brant Glidewell,SIU Edwardsville,5,2,5.25,14,14,1,0,0,82.1,88,55,48,24,67,1,8,0.268
Tanner King,UT Arlington,2,6,4.35,17,9,0,0,2,80.2,74,40,39,14,67,2,13,0.247
Joe Papeo,Rider,6,5,6.57,17,14,0,0,0,75.1,93,60,55,27,67,1,5,0.307
Karson Ligon,Miami,6,6,4.9,16,15,0,0,0,75.1,82,47,41,32,67,5,10,0.275
Brandon Talley,Louisiana,3,3,3.74,21,13,0,0,2,74.2,77,39,31,26,67,3,9,0.269
Justin Showalter,James Madison,4,8,5.1,14,14,1,0,0,72.1,89,58,41,13,67,4,12,0.298
Evan Wilde,Niagara,2,8,8,15,15,0,0,0,72,95,68,64,41,67,7,26,0.321
Connor Rudy,Grambling,5,9,7.9,19,13,0,0,0,70.2,112,87,62,23,67,7,15,0.347
Teddy McGraw,Wake Forest,5,2,4.08,15,12,0,0,0,70.2,53,39,32,38,67,3,14,0.203
Jacorey Boudreaux,Grambling,7,4,7.29,17,13,0,0,0,70.1,72,65,57,54,67,8,5,0.261
Spencer Miles,Missouri,5,5,6.2,13,13,0,0,0,69.2,90,49,48,23,67,1,7,0.321
Ryan Lobus,Mercer,5,5,4.54,16,13,0,0,0,69.1,79,43,35,25,67,8,10,0.286
Troy Melton,San Diego State,5,2,2.07,11,11,1,0,0,65.1,57,20,15,15,67,2,5,0.235
Dalton Fowler,Memphis,3,3,6.25,14,14,0,0,0,63.1,66,45,44,54,67,17,3,0.266
Ian Torpey,Northern Colorado,2,5,7.61,15,13,0,0,0,60.1,75,69,51,45,67,12,8,0.306
Cameron Walty,Nevada,5,7,5.14,15,15,1,1,0,91,108,69,52,37,66,9,12,0.293
Eli Saul,Sacramento State,6,1,3.71,15,15,1,0,0,87.1,77,42,36,42,66,7,12,0.241
Peyton Wigginton,Middle Tennessee,6,5,4.44,19,11,3,1,1,77,85,48,38,16,66,2,10,0.281
Michael Ross,Samford,7,1,3.77,15,11,1,0,0,76.1,63,36,32,21,66,4,5,0.223
Ike Buxton,Lipscomb,7,3,3.86,15,14,0,0,0,74.2,74,38,32,39,66,14,16,0.264
Connor McCullough,Kansas State,3,4,5.25,15,14,0,0,1,73.2,77,47,43,30,66,6,8,0.278
Cade Smith,Mississippi State,4,4,3.86,14,14,0,0,0,72.1,61,37,31,36,66,6,5,0.221
Jacob James,North Alabama,3,6,6.66,20,10,0,0,0,71.2,73,57,53,42,66,11,13,0.266
Max McKinley,North Florida,3,6,5.56,18,10,0,0,2,69.2,75,46,43,15,66,3,9,0.273
Marcus Cashman,Niagara,2,5,4.39,17,14,0,0,0,69.2,51,39,34,31,66,12,8,0.204
Blake Morgan,Old Dominion,8,0,1.69,16,13,0,0,0,69.1,57,23,13,8,66,2,3,0.216
Jacob Denner,Michigan,4,6,6.38,24,11,0,0,2,67.2,85,57,48,25,66,7,6,0.304
Ben Vespi,UCF,6,4,3.56,25,9,0,0,2,65.2,60,33,26,17,66,1,5,0.241
Doyle Gehring,Air Force,4,3,4.36,23,6,0,0,6,64,67,37,31,23,66,11,8,0.266
Trent Seibert,Middle Tennessee,4,5,4.04,21,4,0,0,1,62.1,61,34,28,24,66,2,5,0.258
Grant Vurpillat,New Jersey Tech,6,4,5.23,21,7,0,0,2,62,63,37,36,28,66,0,7,0.275
Jake Shirk,Wright State,6,6,5.55,16,16,1,1,0,86,94,57,53,23,65,6,8,0.276
Forrest Barnes,Missouri State,6,6,5.25,19,11,1,0,0,85.2,83,51,50,33,65,1,17,0.252
Wyatt Scotti,Northeastern,8,3,2.88,14,14,0,0,0,81.1,70,32,26,8,65,5,9,0.235
Jared Lyons,George Mason,6,5,5.69,18,13,1,0,1,80.2,76,57,51,40,65,16,6,0.252
Jacob Kmatz,Oregon State,8,2,4.19,16,15,0,0,0,77.1,73,40,36,20,65,5,6,0.242
Brooks Ey,Fordham,4,7,6.9,15,13,0,0,0,75.2,99,64,58,25,65,10,13,0.312
Jacob McNairy,Alabama,6,2,4.63,16,12,0,0,0,72,78,39,37,18,65,3,9,0.282
Jared Burch,Houston Baptist,1,5,5.3,14,14,0,0,0,71.1,69,50,42,33,65,14,4,0.253
Justin Medlin,Arkansas State,1,7,5.37,15,14,0,0,0,70.1,81,47,42,33,65,3,3,0.292
Canaan Silver,NC State,8,1,3.21,21,8,0,0,1,70,69,30,25,15,65,6,8,0.248
Jordan Martinez,Texas Southern,6,5,5.91,15,14,1,1,0,70,80,55,46,33,65,5,19,0.293
Zach Garcia,Texas A&M-Corpus Christi,6,3,3.86,18,9,1,0,2,67.2,65,36,29,19,65,4,6,0.252
Chad Gartland,George Mason,3,2,3.99,16,8,0,0,3,67.2,72,37,30,20,65,6,7,0.269
Zach Fruit,Eastern Michigan,4,5,7.71,14,14,1,0,0,67.2,91,63,58,34,65,5,9,0.326
Taylor Catton,Bradley,3,5,5.02,23,0,0,0,4,66.1,67,45,37,37,65,4,5,0.263
Emmett Olson,Nebraska,3,3,2.86,19,8,1,0,1,66,61,36,21,16,65,5,5,0.238
Sean Harney,Kentucky,5,4,2.62,16,5,0,0,2,65.1,55,19,19,17,65,4,16,0.226
Patrick Copen,Marshall,3,3,5.83,14,11,0,0,0,63.1,59,46,41,35,65,3,10,0.245
Caleb Riedel,Omaha,4,2,1.49,13,13,0,0,0,60.1,50,12,10,21,65,1,3,0.229
Jaden Hamm,Middle Tennessee,4,2,3.34,16,5,0,0,2,59.1,46,24,22,29,65,4,5,0.215
Jack DiLauro,Holy Cross,1,7,5.95,12,12,0,0,0,59,61,53,39,29,65,5,11,0.257
Michael Dunkelberger,Lipscomb,7,2,3.45,15,13,0,0,0,78.1,81,32,30,18,64,2,6,0.268
Dylan Cumming,Liberty,5,5,5.05,19,12,1,0,0,76.2,90,49,43,27,64,5,8,0.289
Kevin Seitter,Quinnipiac,3,10,6.13,15,13,0,0,0,76.1,118,70,52,31,64,12,6,0.349
Kyle Seebach,Northern Illinois,2,7,7.3,14,11,1,0,0,74,82,71,60,44,64,10,13,0.284
Jaylen Paden,Georgia Southern,6,2,5.3,16,14,0,0,0,71.1,54,43,42,51,64,6,11,0.22
Kaleb Hill,Charleston Southern,6,5,6.09,15,9,0,0,0,68,95,64,46,26,64,9,5,0.319
Kyler McIntosh,Alabama State,4,4,5.78,17,9,0,0,1,67,79,47,43,17,64,4,5,0.306
Noah Conlon,UC San Diego,4,9,6.35,16,14,0,0,0,66.2,75,52,47,43,64,18,8,0.28
Thomas House,Eastern Michigan,1,7,6.31,14,14,0,0,0,65.2,64,57,46,47,64,4,8,0.261
Carter Bosch,Georgetown,6,4,4.5,18,11,0,0,0,64,68,41,32,25,64,10,5,0.266
Devin Futrell,Vanderbilt,9,3,3.41,14,13,1,0,0,63.1,53,24,24,13,64,3,6,0.225
Jesse Barron,San Francisco,4,4,6.12,17,10,1,0,0,60.1,71,43,41,22,64,3,14,0.296
Cristian Lopez,Illinois-Chicago,5,4,5.86,16,7,0,0,1,50.2,66,45,33,21,64,6,5,0.304
Charlie McDaniel,Presbyterian,7,4,5.54,14,14,0,0,0,79.2,105,63,49,21,63,4,7,0.309
Dominic Niman,Central Connecticut,4,4,3.62,13,13,0,0,0,77,86,41,31,22,63,2,6,0.286
Joe Mancini,Boston College,4,4,4.7,13,13,1,0,0,76.2,74,48,40,24,63,6,2,0.253
Jay Thompson,Georgia Southern,7,4,3.91,37,0,0,0,6,76,71,37,33,23,63,3,8,0.25
Josh Ibarra,UNLV,6,2,5.73,14,14,1,0,0,70.2,83,54,45,29,63,7,4,0.291
Cameron Doherty,Eastern Illinois,4,5,5.43,14,14,0,0,0,68,96,50,41,13,63,3,4,0.333
Austin King,Alabama State,6,3,5.72,16,16,1,0,0,67.2,81,45,43,38,63,10,5,0.305
Drayton Brown,Northwestern State,5,6,4.43,13,13,0,0,0,67,52,34,33,29,63,9,8,0.218
Frank Doelling,Rider,4,7,5.4,16,15,0,0,0,66.2,78,45,40,31,63,2,6,0.298
Ethan Ross,San Jose State,1,5,7.81,21,15,0,0,0,65.2,70,61,57,65,63,22,20,0.28
Derek Salata,Illinois State,4,6,4.11,13,11,0,0,0,65.2,62,34,30,13,63,3,5,0.249
James Deloatch,Norfolk State,4,5,5.26,13,12,1,0,0,65,66,48,38,45,63,6,10,0.261
J.P. Massey,Minnesota,2,8,6.52,14,12,0,0,0,59.1,64,53,43,39,63,12,6,0.264
Ryan Cabarcas,Florida International,2,3,6.34,15,8,0,0,0,55.1,73,48,39,28,63,10,9,0.315
Ryan Steinhauer,Dayton,3,4,4.39,11,11,1,0,0,53.1,42,34,26,25,63,7,7,0.208
Jaren Zinn,Harvard,3,3,7.5,11,11,0,0,0,42,44,39,35,44,63,22,4,0.282
Luke Malone,UTSA,9,3,2.67,19,11,0,0,2,87.2,81,35,26,14,62,5,7,0.24
Nolan Pender,Bellarmine,3,9,5.13,16,14,2,0,0,86,101,61,49,29,62,17,7,0.291
Jaycob Deese,Houston,5,3,5.19,17,14,1,0,1,85,95,55,49,33,62,10,6,0.282
Mark Faello,Hofstra,7,4,5.15,14,14,2,0,0,80.1,75,55,46,40,62,15,10,0.249
Cade Feeney,North Dakota State,7,3,4.54,14,14,0,0,0,79.1,102,49,40,15,62,4,5,0.311
Carter Sheppard,High Point,6,5,4.66,14,14,0,0,0,77.1,79,49,40,31,62,16,5,0.275
Drew Beam,Tennessee,8,1,2.72,16,15,1,1,0,76,50,26,23,21,62,2,5,0.186
Campbell Ellis,VCU,5,4,3.27,21,21,0,0,0,74.1,70,33,27,21,62,1,7,0.242
Colin Hunter,Sacramento State,5,4,4.75,15,15,1,1,0,72,81,42,38,19,62,9,2,0.288
Zach Maxey,Miami (OH),4,3,2.27,13,13,3,1,0,71.1,65,31,18,24,62,2,6,0.24
Teddy Merritt,High Point,3,6,6.39,16,12,0,0,1,69,82,56,49,37,62,19,4,0.29
Cameron Bye,Wichita State,5,2,3.76,17,10,0,0,0,67,57,36,28,35,62,2,3,0.229
Gordon Ingebritson,UC Irvine,6,0,1.76,32,0,0,0,3,66.2,50,15,13,5,62,0,4,0.207
Logan Whitaker,NC State,2,4,4.73,17,14,0,0,0,66.2,62,42,35,32,62,4,7,0.24
Victor Mederos,Oklahoma State,4,4,5.59,14,13,0,0,0,66,69,44,41,21,62,8,7,0.266
Tyler Kaltreider,VMI,3,7,6.3,19,10,0,0,0,64.1,82,45,45,15,62,2,4,0.308
Mark Manfredi,Dayton,1,2,3.66,13,9,0,0,0,59,45,27,24,15,62,3,10,0.211
Michael Farinelli,Northwestern,6,5,4.43,14,13,3,0,0,87.1,96,49,43,25,61,3,5,0.287
Peyton Calitri,Tennessee Tech,6,5,5.04,15,15,1,0,0,85.2,87,50,48,22,61,8,11,0.269
Enzo Stefanoni,Connecticut,6,1,3.51,17,16,0,0,0,84.2,80,37,33,16,61,0,11,0.252
Jalen Borders,Belmont,5,2,3.04,15,15,0,0,0,80,70,31,27,42,61,5,5,0.247
Gavin Braunecker,Bellarmine,3,7,5.99,15,13,1,0,0,79.2,88,57,53,26,61,8,7,0.288
Brett Porthan,Dixie State,7,4,6.75,16,15,0,0,0,74.2,96,61,56,24,61,3,3,0.314
Griffen Green,Virginia Tech,7,3,4.83,16,16,0,0,0,72.2,83,39,39,26,61,3,6,0.29
Jack Noble,Long Beach State,6,4,3.36,17,10,0,0,0,64.1,60,27,24,20,61,2,6,0.244
Drew McIllwain,Austin Peay,4,6,8.66,15,14,0,0,0,62.1,74,60,60,35,61,7,6,0.297
Adam Falinski,Eastern Michigan,4,5,5.12,12,12,4,0,0,58,59,36,33,31,61,7,2,0.261
Vincent Spizzoucco,Central Connecticut,6,2,3.77,15,8,0,0,3,57.1,58,26,24,21,61,1,5,0.262
Tom Peltier,Canisius,3,3,3.83,22,6,0,0,2,54,55,29,23,30,61,6,14,0.279
Troy Wansing,Purdue,4,4,5.44,15,12,0,0,0,51.1,51,37,31,33,61,6,7,0.258
Ty Fisher,Georgia Southern,6,2,2.58,14,14,1,1,0,87.1,81,30,25,23,60,3,3,0.251
LJ Keevan,UMass Lowell,5,5,4.71,14,14,0,0,0,80.1,94,45,42,21,60,1,7,0.3
Will Kinzeler,Southeastern Louisiana,4,2,3.6,14,14,0,0,0,80,80,38,32,31,60,4,6,0.266
Logan Schmitt,Saint Louis,8,2,3.18,15,14,1,0,0,76.1,72,32,27,16,60,3,10,0.25
Gavin Mortenson,Western Carolina,5,9,6.03,17,15,1,0,0,74.2,95,61,50,27,60,3,13,0.308
Jace Warkentien,Western Illinois,2,7,6.11,13,13,0,0,0,73.2,86,62,50,41,60,4,5,0.297
Trevor LaBonte,Maine,5,4,5.16,15,12,0,0,1,73.1,83,54,42,37,60,2,7,0.279
Luke Helton,Morehead State,3,6,5.65,14,14,1,0,0,73.1,98,58,46,22,60,2,9,0.318
Ryan Feczko,Davidson,10,0,3.21,15,15,0,0,0,73,61,33,26,20,60,4,4,0.223
Joseph King,California,5,3,3.72,15,14,0,0,0,72.2,80,31,30,15,60,13,1,0.285
TJ Fondtain,San Diego State,3,7,4.58,14,13,2,1,0,72.2,66,47,37,31,60,3,4,0.237
Jonathan Clark,San Jose State,2,4,5.27,15,15,0,0,0,68.1,65,45,40,33,60,5,8,0.253
Tony Roca,North Florida,0,6,5.91,15,11,0,0,0,64,75,54,42,38,60,10,7,0.299
Brad Lord,South Florida,3,7,5.25,14,13,1,0,0,61.2,75,51,36,22,60,7,5,0.292
Andrew Abrahamowicz,Bowling Green,2,5,8.45,15,10,2,0,0,59.2,75,61,56,35,60,6,12,0.309
Michael Frias,UC Irvine,5,2,5.19,11,11,0,0,0,59,62,36,34,21,60,3,3,0.276
Hayden Berg,Western Michigan,4,4,6.27,17,0,0,0,2,56,69,45,39,27,60,6,6,0.301
Evan Truitt,Charleston Southern,4,4,4.28,16,10,0,0,0,54.2,55,42,26,23,60,6,2,0.257
Tony Neubeck,Missouri,3,3,5.63,15,9,0,0,0,54.1,52,40,34,29,60,2,6,0.24
Joseph Battaglia,Southern,8,4,3.98,16,16,3,1,0,104,110,63,46,11,59,4,10,0.268
Zach Keenan,Middle Tennessee,4,3,5.61,15,13,2,1,0,78.2,88,60,49,27,59,4,6,0.278
Peter Chronowski,Seattle,4,7,4.75,15,13,0,0,0,77.2,93,50,41,17,59,3,7,0.292
RJ Sales,UNC Wilmington,6,1,3.52,15,15,0,0,0,76.2,76,34,30,37,59,7,4,0.259
Cameron Bratton,UMES,3,6,5.28,13,13,5,2,0,76.2,74,55,45,29,59,7,10,0.258
Josh Sharman,UNLV,4,4,6.3,17,11,1,0,0,74.1,111,69,52,14,59,6,6,0.339
Jared Engman,Washington,4,5,4.15,15,15,0,0,0,73.2,82,37,34,26,59,5,1,0.277
Diego Barrera,Loyola Marymount,4,3,2.85,12,10,2,0,0,72.2,65,29,23,15,59,2,12,0.236
Brady Fuller,Troy,4,3,5.71,14,14,0,0,0,69.1,80,54,44,35,59,6,9,0.289
Brock Gillis,Portland,4,4,4.61,18,13,0,0,0,66.1,59,36,34,30,59,4,11,0.243
Collin Romel,Kent State,5,4,5.48,14,8,0,0,0,65.2,73,47,40,25,59,1,5,0.285
Cooper Adams,Mount St. Mary's,3,6,7.3,13,11,1,0,0,65.1,80,62,53,22,59,2,5,0.3
Gage Schenk,Bowling Green,3,6,5.63,14,14,1,1,0,64,57,44,40,38,59,5,8,0.243
Austin Morgan,USC Upstate,5,2,5.57,18,11,0,0,5,63,64,43,39,31,59,4,6,0.267
Sean Higgins,Columbia,6,3,5.34,14,11,0,0,0,62.1,74,41,37,15,59,3,1,0.29
Luke Patzner,Indiana State,3,4,4.99,14,10,1,0,1,61.1,64,39,34,12,59,1,7,0.263
Ryan Wiltse,Saint Mary's,4,2,5.04,18,8,0,0,1,60.2,59,41,34,23,59,6,9,0.252
Chandler David,Incarnate Word,3,2,5.17,22,5,0,0,5,55.2,53,33,32,29,59,2,6,0.251
Tyler Theriot,Nicholls,7,5,3.72,13,13,2,0,0,87,71,44,36,28,58,5,6,0.22
Mark Timmins,Omaha,2,3,3.31,15,15,0,0,0,81.2,82,32,30,15,58,1,8,0.265
Trevor Harris,Saint Louis,7,6,3.77,15,13,0,0,0,76.1,91,40,32,16,58,5,9,0.3
Tyler Shuck,Florida Gulf Coast,5,5,4.36,14,13,1,1,0,74.1,82,45,36,17,58,6,2,0.279
Tyler Ingram,Illinois-Chicago,4,4,3.79,13,13,0,0,0,71.1,72,36,30,35,58,11,9,0.271
Chris Ludman,Delaware,4,4,4.17,11,11,0,0,0,69,81,43,32,14,58,4,10,0.289
Peter Holden,North Florida,4,3,3.41,17,10,1,1,0,68.2,56,36,26,28,58,3,13,0.221
Brandon Smith,Mississippi State,3,5,5.88,19,8,0,0,0,64.1,76,45,42,17,58,3,5,0.295
Jonathan Gonzalez,Stetson,4,6,5.34,17,9,0,0,1,64,71,44,38,21,58,2,7,0.283
Travis Densmore,Oakland,5,3,6.32,15,11,0,0,0,62.2,81,47,44,22,58,4,5,0.321
Trey Ziegenbein,Missouri State,5,5,5.95,33,1,0,0,2,62,73,47,41,20,58,9,12,0.296
Eric Yost,Northeastern,4,3,2.48,20,10,0,0,1,61.2,51,18,17,17,58,5,3,0.226
Sam Garcia,High Point,5,4,1.94,16,8,0,0,1,60.1,45,20,13,14,58,5,8,0.205
Logan Frasier,Bryant,5,3,4.45,14,13,1,0,0,58.2,75,37,29,20,58,2,10,0.31
Noah Mattera,UNLV,5,1,6.63,14,11,0,0,0,58.1,75,48,43,21,58,7,5,0.311
Carson Lambert,Southern California,6,3,3.46,27,0,0,0,1,54.2,46,22,21,11,58,1,4,0.229
Jeff Wilson,Louisiana,4,4,4.81,17,16,2,0,0,76.2,89,46,41,23,57,7,8,0.292
Chase Allen,Michigan,7,2,4.01,27,7,0,0,3,76.1,70,42,34,29,57,5,14,0.238
Calvin McClendon,Mississippi Valley State,2,7,6.69,18,14,0,0,0,75.1,86,81,56,65,57,14,10,0.287
Max Loven,North Dakota State,7,5,6.09,15,15,0,0,0,75.1,92,54,51,29,57,8,9,0.31
Ray Weber,Albany,4,8,6.12,14,14,0,0,0,75,87,53,51,28,57,5,11,0.294
Zach Kirby,East Tennessee State,3,4,3.38,14,12,0,0,0,74.2,72,37,28,20,57,2,9,0.258
JD Deany,Purdue Fort Wayne,5,3,5.2,19,10,1,0,0,71,85,43,41,27,57,10,4,0.304
Hayden Thomas,Texas A&M-Corpus Christi,4,5,5.76,15,15,0,0,0,70.1,84,53,45,33,57,11,18,0.295
Ben Fero,Stony Brook,4,4,4.54,15,12,0,0,0,69.1,72,44,35,17,57,3,5,0.268
Hunter OToole,Southeastern Louisiana,4,4,6.32,18,12,0,0,0,68.1,95,49,48,25,57,6,12,0.338
Derek Diamond,Ole Miss,4,4,6.89,16,14,0,0,0,65.1,81,53,50,13,57,3,3,0.292
Jason Gonzalez,North Florida,6,3,4.62,21,5,0,0,0,64.1,61,34,33,19,57,7,7,0.249
Brandon Little,Arkansas-Pine Bluff,1,4,7.73,17,7,0,0,1,64,82,66,55,58,57,8,6,0.319
Darren Jansen,San Jose State,9,2,4.67,31,0,0,0,3,61.2,63,38,32,31,57,8,7,0.261
Marquis Grissom Jr.,Georgia Tech,4,5,5.75,18,14,0,0,0,61,60,45,39,42,57,7,16,0.248
Chris Pouliot,Canisius,8,3,4.7,14,13,0,0,0,59.1,62,44,31,32,57,3,8,0.27
Brock Myers,Tennessee Tech,5,2,6.6,22,0,0,0,2,58.2,79,53,43,23,57,3,11,0.322
Tyler Delong,Austin Peay,4,4,6.29,19,10,0,0,0,58.2,66,41,41,33,57,4,5,0.293
Cade Winquest,UT Arlington,2,4,5.4,15,12,0,0,0,58.1,56,41,35,23,57,13,14,0.251
Hunter Stallings,Mississippi Valley State,2,4,7.67,13,11,1,0,1,51.2,54,47,44,33,57,9,3,0.269
Jordan Warecke,Manhattan,4,6,5.49,14,14,0,0,0,78.2,101,55,48,35,56,6,7,0.315
Luke Yacinich,Cornell,4,4,5.67,13,11,2,1,0,73,67,52,46,35,56,12,13,0.251
Joey Silan,Delaware,3,5,4.63,14,13,0,0,1,70,67,45,36,35,56,5,15,0.253
Andrew Duran,Arkansas-Pine Bluff,1,8,8.02,16,13,2,0,0,67.1,85,73,60,38,56,9,28,0.31
Cole Stallings,Stetson,5,5,4.41,14,13,1,1,0,65.1,65,37,32,21,56,3,6,0.265
Grant Kipp,Yale,4,3,6.79,12,11,1,0,0,65,84,53,49,19,56,5,11,0.313
Will Nash,Arkansas State,1,7,6.49,16,11,0,0,0,59.2,71,49,43,38,56,2,3,0.295
Jaden Henline,Penn State,2,3,5.64,17,7,1,0,3,59,74,44,37,16,56,6,3,0.31
Kenny Serwa,Dayton,4,6,5.68,13,12,0,0,0,57,82,48,36,8,56,11,7,0.329
Wyatt Wendell,Purdue,5,3,5.88,14,13,0,0,0,56.2,70,42,37,18,56,4,4,0.3
Gabe Driscoll,Binghamton,3,1,5.01,15,9,0,0,0,55.2,60,32,31,22,56,4,2,0.273
CJ Backer,Purdue,2,2,7.08,17,8,0,0,0,54.2,72,44,43,17,56,9,7,0.317
Kellen O'Connor,CSU Bakersfield,4,4,3.79,12,11,1,1,0,54.2,65,30,23,14,56,2,4,0.3
Zac Capps,Norfolk State,2,5,6.75,13,8,0,0,1,50.2,51,47,38,48,56,10,6,0.267
Kelyn Fox,Florida A&M,4,4,4.83,14,14,1,0,0,72.2,99,51,39,15,55,2,6,0.327
Garrett Gainey,Winthrop,5,6,6.62,15,11,0,0,0,70.2,93,52,52,17,55,6,5,0.32
Luke Eldred,Dallas Baptist,5,2,4.63,16,15,0,0,0,70,80,36,36,16,55,7,9,0.279
Peyton Stumbo,Nevada,5,2,6.49,16,9,0,0,0,69.1,85,57,50,22,55,4,6,0.301
Jesse Barker,Central Arkansas,2,7,5.27,16,11,1,1,2,68.1,76,43,40,18,55,4,2,0.277
Liam Devine,St. Bonaventure,0,6,6.32,14,9,0,0,2,68.1,83,54,48,27,55,1,6,0.301
Hunter Hayes,Pacific,2,9,6.82,14,14,0,0,0,64.2,106,73,49,25,55,3,16,0.361
Trey McDaniel,Southern Illinois,8,1,3.53,26,0,0,0,5,63.2,71,36,25,15,55,1,3,0.274
Noah Beal,UNLV,8,1,5.75,18,6,0,0,1,61,69,42,39,27,55,6,4,0.284
Sean Duffy,High Point,4,3,3.45,23,7,0,0,2,60,53,28,23,31,55,8,10,0.236
Ryan Douglas,UNC Asheville,2,6,5.31,14,13,0,0,0,59.1,61,45,35,29,55,13,4,0.263
Jerry Couch,Charleston Southern,3,3,6.55,17,8,0,0,2,56.1,82,50,41,19,55,5,9,0.335
Jake Kates,Western Kentucky,4,5,5.56,18,7,0,0,0,55,57,39,34,18,55,5,5,0.254
Noah Farmer,Southern Illinois,7,2,3.87,17,17,1,0,0,86,101,41,37,26,54,2,10,0.294
Joseph Gonzales,Auburn,7,4,3.22,15,14,1,0,0,78.1,83,30,28,15,54,3,5,0.276
Nate Haberthier,Ohio State,1,6,6.75,14,13,1,0,0,70.2,87,58,53,16,54,5,6,0.293
Josh Hartle,Wake Forest,7,6,5.3,14,14,0,0,0,69.2,81,54,41,24,54,4,5,0.279
Jake Garland,Miami,6,2,4,14,12,0,0,1,65.1,72,36,29,11,54,2,6,0.282
Gabriel Romano,Quinnipiac,3,1,6.61,18,5,0,0,1,62.2,98,61,46,16,54,3,9,0.349
Ryan Hardman,Dixie State,4,2,5.31,20,7,1,0,4,59.1,75,42,35,21,54,2,8,0.314
Alex Reelfs,Santa Clara,4,7,6.86,23,5,0,0,2,59,75,55,45,29,54,13,5,0.295
Eric Chalus,Kent State,3,2,5.56,12,10,0,0,0,56.2,62,39,35,12,54,3,8,0.273
Cade Lommel,Creighton,1,5,6.4,14,13,0,0,0,52,64,44,37,29,54,7,8,0.302
Michael Wong,UT Arlington,1,7,4.78,14,14,0,0,0,75.1,92,45,40,22,53,6,8,0.297
Jordan Power,Toledo,6,3,5.33,15,12,0,0,1,74.1,81,46,44,25,53,3,11,0.273
Pablo Cortes,New Mexico State,4,5,6.85,16,13,1,1,1,68.1,92,60,52,15,53,4,11,0.319
Kade Morris,Nevada,7,5,4.32,18,4,0,0,3,66.2,68,32,32,22,53,8,5,0.267
Jimmy Galicia,Loyola Marymount,1,7,8.32,17,11,0,0,0,66,87,68,61,23,53,9,10,0.314
Fisher Paulsen,The Citadel,5,4,4.93,15,14,0,0,0,65.2,73,42,36,42,53,5,4,0.289
Joe Joe Rodriguez,St. John's,2,6,5.94,15,10,0,0,1,63.2,66,55,42,44,53,8,10,0.259
Sam Armstrong,Old Dominion,3,2,5.4,15,14,0,0,0,63.1,70,44,38,27,53,5,4,0.279
Mitchell Spencer,Purdue Fort Wayne,2,5,6.39,15,13,0,0,0,62,77,52,44,25,53,9,12,0.302
Drew Buhr,Bellarmine,0,6,6.97,15,10,0,0,0,62,75,59,48,31,53,6,6,0.3
Blake Helmstetter,Iona,2,7,5.98,12,12,1,0,0,55.2,74,52,37,20,53,0,9,0.308
Ryan Taurek,Saint Mary's,4,3,5.53,15,8,0,0,0,55.1,59,35,34,23,53,11,10,0.274
Benjamin Cruikshank,Kent State,3,3,4.86,13,8,1,1,0,53.2,35,29,29,43,53,2,9,0.185
Ryan Bryggman,Binghamton,5,6,5.71,16,16,1,0,0,75.2,86,51,48,40,52,11,11,0.288
Trevor Hinkel,Pepperdine,5,4,3.81,14,11,0,0,0,73.1,69,32,31,25,52,10,10,0.253
Bryan Green,UC Davis,2,6,5.45,15,6,0,0,0,71,78,51,43,28,52,3,10,0.281
Matthew Krall,Prairie View,5,6,6.2,15,14,0,0,0,69.2,89,65,48,38,52,7,9,0.308
Michael Massey,Tulane,3,4,5.03,15,11,0,0,1,68,79,44,38,16,52,1,3,0.287
Logan Evans,Pittsburgh,4,8,7.43,14,14,1,1,0,66.2,90,65,55,17,52,9,6,0.316
Brett Walker,TCU,5,2,4.75,15,11,0,0,0,66.1,80,35,35,16,52,1,7,0.297
Tobey McDonough,Brown,3,3,3.17,11,11,1,0,0,65.1,57,29,23,16,52,7,1,0.226
Liam McDonnell,James Madison,6,1,2.83,16,13,0,0,0,63.2,50,23,20,23,52,5,3,0.227
Scott Youngbrandt,Saint Louis,6,4,6.68,15,12,1,0,0,62,74,51,46,21,52,4,5,0.295
Marcelo Perez,TCU,6,3,3.23,17,9,0,0,1,61.1,48,27,22,27,52,4,8,0.216
Riley Egloff,New Mexico,6,5,6.9,15,9,0,0,0,61.1,92,57,47,18,52,5,6,0.339
Dominic Cancellieri,Creighton,5,3,4.84,13,13,0,0,0,61.1,56,36,33,31,52,6,5,0.239
Alejandro Rosario,Miami,2,3,7.05,15,12,0,0,0,60,83,53,47,25,52,4,12,0.328
Carter Sutton,Winthrop,2,4,5.83,17,10,0,0,0,58.2,77,45,38,32,52,8,8,0.317
Zach Klapak,Delaware,6,4,5.09,19,3,0,0,0,53,44,34,30,31,52,7,5,0.233
Bryson Cafaro,Fairfield,6,2,5.19,13,8,0,0,0,52,48,33,30,18,52,0,3,0.247
Taed Heydinger,Akron,2,10,8.42,14,14,1,0,0,72.2,110,81,68,30,51,5,13,0.348
Noah Covington,UMES,6,5,4.23,12,12,6,0,0,72.1,82,48,34,10,51,3,7,0.28
Jaheim Brown,North Carolina A&T,1,6,7.57,17,10,0,0,1,69,99,66,58,27,51,10,12,0.336
David Moffat,UT Arlington,2,8,4.1,23,4,0,0,2,63.2,81,38,29,14,51,2,4,0.302
Trey Pooser,College of Charleston,5,2,3.92,18,10,0,0,0,62,67,35,27,24,51,4,6,0.27
Bryce Hackett,Tarleton,2,7,7.44,15,12,1,0,0,61.2,85,58,51,27,51,9,12,0.326
Michael Schuler,Eastern Kentucky,5,2,4.11,16,10,0,0,1,61.1,58,30,28,27,51,4,6,0.257
Bryce Robison,BYU,7,1,4.01,19,9,0,0,1,60.2,67,32,27,16,51,3,3,0.283
Connor Eisenmann,Albany,6,2,4.9,17,8,0,0,0,60.2,51,36,33,36,51,5,5,0.226
Cyle Phelan,UNC Wilmington,2,3,4.55,15,11,0,0,0,59.1,42,30,30,36,51,6,5,0.195
Joe Savino,Elon,2,5,5.01,16,9,0,0,1,55.2,68,36,31,10,51,2,5,0.298
Blake Malatestinic,Eastern Illinois,4,4,6.09,16,10,1,1,0,54.2,65,38,37,21,51,2,2,0.295
AJ Blubaugh,Milwaukee,3,3,3.25,16,7,0,0,6,52.2,40,20,19,16,51,4,1,0.208
Carlos Lequerica,Florida International,2,5,5.16,16,11,0,0,1,52.1,51,32,30,21,51,5,5,0.251
Anthony Germinerio,Albany,3,4,5.62,11,9,1,1,0,49.2,50,35,31,22,51,7,17,0.26
Peyton Reesman,Radford,4,2,4.41,13,8,0,0,0,49,43,36,24,28,51,13,9,0.247
Will Greer,Bucknell,5,3,4.39,13,13,4,0,0,82,78,44,40,25,50,1,11,0.252
Nick Evangelista,Fairleigh Dickinson,2,3,5.55,15,14,0,0,0,71.1,93,50,44,18,50,0,9,0.317
Sebastian Keane,Northeastern,5,5,5.99,15,14,0,0,0,70.2,86,62,47,26,50,5,8,0.295
Jalen Wade,Long Island,4,5,6.36,16,15,0,0,0,69.1,79,57,49,41,50,6,6,0.283
Ben Hutchins,The Citadel,4,4,4.15,16,11,0,0,0,69.1,68,44,32,33,50,4,5,0.255
Wyatt Villella,Merrimack,2,5,6.98,12,12,1,0,0,68.1,79,56,53,35,50,3,11,0.294
Garrett Rennie,San Diego,2,4,4.01,15,11,0,0,0,67.1,75,37,30,25,50,4,6,0.286
Colten Davis,UT Rio Grande Valley,4,4,5.74,15,10,1,0,0,64.1,85,44,41,20,50,7,4,0.31
Roman Angelo,Fresno State,4,3,4.82,18,9,0,0,3,61.2,60,36,33,22,50,7,12,0.25
Dan Klepchick,Monmouth,3,4,4.87,15,12,0,0,0,61,72,38,33,11,50,2,3,0.29
Justin Solt,George Washington,3,4,5.25,14,12,0,0,0,58.1,65,35,34,33,50,6,11,0.284
Owen Bishop,South Dakota State,4,5,4.19,11,11,0,0,0,58,54,29,27,15,50,4,2,0.243
Brandon Downer,California Baptist,5,2,5.05,15,10,0,0,0,57,66,39,32,19,50,5,5,0.287
Trey Tujetsch,Appalachian State,4,5,4.98,12,10,0,0,0,56,64,32,31,25,50,6,1,0.286
Jared Hart,Illinois State,2,3,2.46,23,6,0,0,2,55,49,22,15,16,50,3,7,0.239
Daniel Carter,North Carolina A&T,2,7,6.42,12,12,0,0,0,54.2,67,49,39,23,50,11,12,0.306
Dalton Barham,Norfolk State,2,6,5.79,11,11,0,0,0,51.1,56,51,33,33,50,7,6,0.262
Johnathan Harmon,Northwestern State,5,6,3.52,13,13,2,0,0,79.1,77,37,31,23,49,7,5,0.256
Owen Stevenson,San Francisco,2,4,4.57,19,11,0,0,1,69,77,39,35,22,49,4,7,0.293
Evan Sankey,North Dakota State,5,4,3.69,14,14,0,0,0,68.1,84,37,28,15,49,2,3,0.296
Frankie Wright,Wagner,6,4,6.05,14,14,0,0,0,67,85,52,45,32,49,9,9,0.308
Griffin Hassall,Kansas State,4,7,6.24,18,11,0,0,0,66.1,73,51,46,25,49,5,3,0.279
Payton Tolle,Wichita State,4,6,4.48,13,12,0,0,0,66.1,79,38,33,22,49,3,6,0.294
Travis Perry,Youngstown State,4,3,6.26,15,11,1,0,0,64.2,73,53,45,32,49,12,7,0.294
Nathan Skinner,Dartmouth,5,4,6.25,11,11,1,1,0,63.1,78,45,44,14,49,2,4,0.298
Trystan Sarcone,Dartmouth,6,4,4.85,12,11,0,0,0,59.1,67,36,32,13,49,7,5,0.279
Kevin Dow,Massachusetts,6,5,7.71,12,12,0,0,0,58.1,102,52,50,18,49,1,13,0.391
Hoss Brewer,Little Rock,3,2,6.23,19,10,1,0,1,56.1,65,45,39,29,49,4,7,0.28
John Lumpinski,Binghamton,3,6,7.91,17,6,0,0,2,52.1,68,50,46,25,49,3,5,0.312
Sawyer Smallwood,Little Rock,5,6,4.73,29,0,0,0,5,51.1,50,33,27,16,49,1,8,0.251
Sean Matson,Harvard,3,3,5.32,13,6,0,0,0,42.1,45,26,25,17,49,10,1,0.271
Ian McCole,Saint Joseph's,3,6,5.59,15,14,1,1,0,77.1,86,55,48,22,48,3,16,0.286
Connor Harris,George Washington,2,7,5.57,15,14,0,0,0,72.2,98,50,45,21,48,10,7,0.315
Tyler Switalski,Gardner-Webb,5,5,4.13,16,15,0,0,0,72,70,41,33,28,48,7,4,0.251
Jayden Shertel,UMBC,4,3,4.41,15,11,0,0,0,69.1,70,40,34,34,48,4,6,0.256
RJ Gordon,Oregon,4,3,5.64,20,8,0,0,1,68.2,75,47,43,34,48,7,8,0.283
Ben Sears,Houston,6,3,3.11,33,1,0,0,12,66.2,59,23,23,8,48,0,3,0.239
Kaden Echeman,Northern Kentucky,2,9,6.28,18,11,0,0,0,61.2,75,52,43,38,48,15,9,0.301
Bobby Olsen,Brown,0,4,5.83,13,10,0,0,0,58.2,68,43,38,19,48,7,13,0.287
Connor Adams,Tennessee Tech,4,3,5.86,16,14,0,0,0,58.1,71,50,38,28,48,10,5,0.287
Christian Graham,Jacksonville,2,5,4.37,14,14,1,0,0,57.2,39,33,28,38,48,7,12,0.194
Tommy Steier,Creighton,4,1,1.62,25,1,0,0,8,55.2,42,11,10,22,48,6,10,0.209
Brenden Lovell,Western Michigan,2,3,9.05,19,6,0,0,1,55.2,80,61,56,29,48,7,11,0.329
Jacob Curry,USC Upstate,5,4,5.31,14,14,1,1,0,78,94,55,46,16,47,6,10,0.3
Andy Archer,Hawaii,2,5,5.04,19,12,0,0,1,60.2,73,42,34,18,47,0,3,0.291
Devin Desandro,Nicholls,3,4,4.92,16,9,1,0,1,60.1,62,43,33,30,47,6,10,0.263
Devin Smith,Utah Valley,1,4,6.6,14,11,0,0,0,60,74,55,44,42,47,18,7,0.306
Brian Williams,Texas Southern,4,2,6.15,13,12,0,0,0,60,76,49,41,26,47,6,14,0.311
Chic DeGaetano,Villanova,4,0,5.79,17,9,0,0,0,51.1,45,36,33,25,47,6,6,0.234
Tripp Breen,St. Bonaventure,1,7,8.57,13,10,0,0,0,48.1,59,55,46,42,47,7,6,0.301
Jaykob Acosta,CSU Bakersfield,3,7,4.73,16,9,0,0,0,72.1,75,49,38,32,46,6,18,0.274
Tim Blaisdell,Hartford,3,7,6.25,14,14,1,0,0,72,101,61,50,19,46,11,11,0.334
Joe Todd,Stephen F. Austin,1,7,7.18,13,13,0,0,0,67.2,81,58,54,31,46,16,5,0.298
Chase Hungate,VCU,6,4,3.57,21,0,0,0,0,63,62,38,25,14,46,4,7,0.245
Damon Elarton,Arkansas-Pine Bluff,3,7,9.29,15,13,0,0,0,62,90,78,64,31,46,6,30,0.347
Brett Russell,New Mexico,1,6,8.7,15,14,0,0,0,59,107,69,57,29,46,9,6,0.386
Adrian Santa Cruz,CSU Bakersfield,1,4,5.52,15,12,0,0,0,58.2,88,46,36,16,46,3,9,0.353
Nick Powers,Michigan State,3,7,6.29,13,11,0,0,0,58.2,69,46,41,28,46,0,5,0.3
Nico Saltaformaggio,Nicholls,3,1,5.01,18,8,0,0,0,55.2,64,37,31,24,46,6,8,0.29
Evan Esch,St. Thomas,1,5,5.55,14,8,0,0,0,48.2,49,32,30,17,46,4,8,0.258
Zach Fogell,Brown,0,4,6.46,12,10,0,0,0,39,50,37,28,23,46,9,6,0.309
Ryan Peterson,George Mason,4,3,3.93,16,10,1,1,0,73.1,74,37,32,39,45,5,2,0.266
Charlie Hurley,Southern California,6,2,4.19,16,13,0,0,0,73,68,38,34,32,45,7,12,0.253
Austin Odell,Bucknell,8,2,3.82,12,12,2,0,0,73,71,31,31,27,45,13,5,0.254
Victor Mendoza,Prairie View,6,7,7.8,15,15,0,0,0,72.2,104,76,63,27,45,11,13,0.342
Matt Stamford,Lehigh,3,6,5.68,13,12,0,0,0,63.1,82,47,40,22,45,9,8,0.313
Vincent Vitacco,Rider,3,2,4.79,17,11,0,0,1,62,75,38,33,23,45,5,13,0.304
Tyler Lehrmann,South Alabama,3,2,5.22,18,12,0,0,0,60.1,66,41,35,32,45,7,4,0.286
Jacob Wosinski,Oakland,2,5,5.86,14,13,0,0,1,58.1,79,48,38,25,45,8,6,0.317
Tristan Weaver,Cincinnati,5,7,6.34,14,12,1,0,0,55.1,64,43,39,29,45,4,9,0.284
Spencer Edwards,Cornell,2,8,8.46,13,12,0,0,0,55.1,56,59,52,36,45,2,12,0.256
Tom Chmielewski,Princeton,2,7,8.61,12,11,0,0,0,54.1,91,62,52,17,45,3,5,0.363
Jordan Haddaway,Delaware State,5,3,6.8,12,12,0,0,0,50.1,61,42,38,29,45,11,9,0.308
Zach Davidson,Radford,1,5,6.75,13,13,1,1,0,48,50,42,36,28,45,5,6,0.269
Josue Torres,Alabama A&M,3,5,6.02,15,10,1,1,0,83.2,105,58,56,18,44,9,2,0.303
Brandon Llewellyn,Pepperdine,3,7,4.14,13,13,0,0,0,71.2,78,40,33,20,44,7,3,0.278
Chandler Fochs,Western Illinois,2,7,7.08,13,11,2,0,0,67.1,99,69,53,20,44,12,4,0.344
Brett Hagen,Oakland,4,3,6.79,16,9,1,0,0,65,74,51,49,20,44,9,7,0.289
Josh Farmer,Mercer,6,3,4.69,15,14,0,0,0,63.1,75,43,33,22,44,3,1,0.293
Ryan Brady,BYU,4,3,3.73,14,11,0,0,0,60.1,57,26,25,17,44,1,4,0.247
Jacob Weatherley,Little Rock,1,3,8.15,24,7,0,0,3,53,79,58,48,32,44,7,6,0.341
Nate Freeman,UC Davis,1,1,6.41,14,5,0,0,0,71.2,84,55,51,34,43,11,18,0.295
Jared Feikes,Santa Clara,5,6,4.81,18,9,0,0,1,67.1,70,40,36,26,43,0,3,0.267
Ryan Murphy,James Madison,4,2,3.86,14,11,0,0,0,65.1,64,30,28,12,43,1,4,0.253
Calvin Kirchoff,Washington,3,3,5.46,19,13,0,0,0,64.1,69,39,39,30,43,5,2,0.271
Tyler Tuthill,Appalachian State,2,7,7.23,13,13,0,0,0,61,81,51,49,42,43,5,7,0.323
Chase Gearing,Nicholls,5,3,4.75,23,4,0,0,4,60.2,60,40,32,19,43,4,8,0.255
Austin Nichols,North Alabama,2,9,10.59,20,13,1,1,0,60.1,94,74,71,28,43,8,6,0.356
Carson Rollins,Incarnate Word,2,1,5.62,15,11,0,0,0,57.2,69,39,36,19,43,1,13,0.294
Zach Tsakounis,William & Mary,5,3,4.82,17,13,0,0,0,56,59,35,30,26,43,4,7,0.267
Dillon Holliday,Dixie State,3,8,6.79,18,11,0,0,0,55.2,78,50,42,37,43,8,2,0.344
Justin Murray,Dartmouth,4,3,7.57,11,11,0,0,0,52.1,65,44,44,23,43,3,6,0.307
Cole Larsen,Kansas,1,9,8.47,15,14,1,0,0,79.2,120,83,75,31,42,7,5,0.34
JoJo Booker,South Alabama,4,2,5.4,14,10,0,0,0,63.1,55,43,38,22,42,2,14,0.238
Zane Taylor,UNC Wilmington,4,1,4.03,13,11,0,0,0,60.1,59,30,27,11,42,2,6,0.251
Matthew Sapienza,Georgetown,2,4,6.45,17,10,0,0,0,60,69,45,43,19,42,5,5,0.29
Jacob Josey,Florida Atlantic,4,5,5.85,16,5,0,0,1,60,70,41,39,28,42,4,5,0.287
Josh O'Neill,Stony Brook,7,3,3.97,16,5,0,0,3,59,53,28,26,33,42,5,1,0.244
Bay Witcher,Troy,3,4,8.05,16,12,0,0,0,57,85,55,51,23,42,8,7,0.351
Jeremiah Priddy,UC Riverside,0,3,5.23,16,9,0,0,0,53.1,62,42,31,26,42,11,8,0.29
Carter Rustad,Missouri,3,2,4.73,16,3,0,0,1,51.1,50,29,27,15,42,3,5,0.255
Jermel Ford,Alcorn State,0,9,9.37,12,10,0,0,0,49,67,69,51,39,42,6,11,0.322
Tim Williamson,Harvard,3,3,6.14,13,8,0,0,0,44,41,32,30,37,42,9,6,0.241
Andrew Potojecki,Longwood,6,6,5.45,13,13,0,0,0,67.2,84,44,41,21,41,5,6,0.311
Conner Tomasic,Michigan State,4,4,4.43,17,9,0,0,0,65,64,39,32,26,41,2,10,0.256
Will Lancaster,Charlotte,4,2,5.68,15,15,0,0,0,65,62,41,41,29,41,1,11,0.252
David Litchfield,UCF,4,2,5.34,21,8,0,0,0,64,76,42,38,11,41,1,7,0.292
Shea Sprague,Elon,6,3,1.89,19,10,0,0,0,62,50,19,13,13,41,1,5,0.215
Luke Smith,Saint Joseph's,4,5,6.12,14,14,0,0,0,60.1,91,59,41,17,41,7,7,0.341
Kyle Khachadourian,New Orleans,5,2,4.42,16,10,0,0,0,57,54,33,28,21,41,3,8,0.256
Joe Sheets,Columbia,2,2,6.04,13,11,0,0,0,53.2,76,39,36,24,41,3,1,0.332
Justin Walton,Norfolk State,2,4,5.81,16,3,0,0,1,52.2,58,59,34,33,41,18,12,0.272
Carter Lovasz,William & Mary,2,1,2.94,16,3,0,0,5,52,32,21,17,12,41,3,9,0.179
Nolan Morr,Lafayette,2,5,5.26,14,6,0,0,1,51.1,73,42,30,9,41,0,3,0.336
Matthew Dubois,Saint Peter's,2,8,9,14,13,1,0,0,79,121,93,79,37,40,2,8,0.346
Edwin Almanzar Jr.,Hartford,3,5,6.68,17,6,0,0,0,63.1,67,55,47,35,40,8,6,0.273
Cole Cressend,UL Monroe,3,6,7.08,15,12,0,0,0,61,66,53,48,25,40,7,4,0.267
Matt Haley,New Mexico,2,5,8.85,15,10,0,0,0,59,90,69,58,21,40,7,13,0.347
Jake Noviello,Fairfield,3,2,5.8,13,13,1,1,0,59,61,40,38,36,40,6,10,0.271
Evan Nibblett,UMES,2,2,3.43,11,9,1,1,0,57.2,59,30,22,9,40,2,9,0.268
Jake Jackson,Baylor,4,5,8.48,16,10,0,0,1,57.1,90,60,54,19,40,3,3,0.37
Tyler O'Neill,Bucknell,3,4,3.81,14,5,1,0,0,54.1,52,25,23,25,40,5,3,0.259
Anthony Mozzicato,Central Connecticut,7,4,3.25,13,13,0,0,0,69.1,66,32,25,36,39,2,6,0.251
Mason Gray,Utah Valley,3,5,6.31,14,14,0,0,0,61.1,75,49,43,34,39,6,8,0.306
Tyler Arella,Villanova,5,3,5.07,14,11,0,0,0,60.1,74,37,34,23,39,1,4,0.307
Tyler Stromsborg,Southern California,1,5,4.18,12,12,0,0,0,60.1,70,36,28,18,39,5,6,0.29
Jacob Bradshaw,North Alabama,1,8,8.84,13,11,0,0,0,56,61,60,55,42,39,9,10,0.279
Colin Wyman,Illinois State,3,2,3.69,18,6,0,0,3,53.2,51,28,22,11,39,4,8,0.248
Colton Shaw,Yale,2,5,7.21,11,10,0,0,0,53.2,64,44,43,28,39,3,5,0.296
Paxton Meyers,Brown,4,2,3.16,19,0,0,0,1,37,31,16,13,15,39,8,3,0.223
Jaden Agassi,Southern California,3,2,4.34,15,10,0,0,0,64.1,81,37,31,19,38,8,8,0.31
Sam Stoutenborough,California,2,4,5.58,17,8,0,0,0,59.2,73,41,37,8,38,6,3,0.304
Brandon Mitchell,New Orleans,1,6,5.61,13,12,1,0,0,59.1,59,41,37,33,38,6,12,0.268
Brady Liddle,Seattle,2,5,6.4,14,12,0,0,0,57.2,80,43,41,12,38,3,5,0.327
Luke Pryor,Mount St. Mary's,1,5,7.9,11,8,1,0,0,54.2,73,57,48,37,38,4,12,0.316
Kyle Mahady,Saint Peter's,3,8,8.81,15,14,1,0,0,80.2,130,89,79,34,37,6,12,0.362
Sean Sposato,Rhode Island,1,4,4.35,17,7,1,0,2,58,64,35,28,29,37,6,6,0.283
Jack Gannon,Saint Peter's,1,8,11.09,24,8,0,0,0,56,94,76,69,27,37,15,7,0.369
Cameron Knox,Fordham,3,4,8.62,17,7,0,0,0,55.1,72,54,53,35,37,2,11,0.329
Drew Necochea,California Baptist,8,3,3.42,16,14,1,1,0,68.1,68,38,26,21,36,5,9,0.257
Cam Day,Utah,1,6,7.22,14,14,0,0,0,62.1,87,56,50,24,36,4,8,0.332
Matt McClure,Loyola Marymount,3,6,8.03,17,11,0,0,0,61.2,87,64,55,32,36,6,5,0.345
Quinn Lavelle,Loyola Marymount,1,5,6.02,16,12,0,0,0,58.1,79,49,39,22,36,4,9,0.329
Trenton Ferguson,Arkansas-Pine Bluff,3,8,10.67,18,9,2,0,0,55.2,84,76,66,36,36,12,23,0.362
Benny Emmons III,Stephen F. Austin,4,4,8.13,18,8,1,1,0,55.1,70,53,50,20,36,4,16,0.315
Justin Honeycutt,UNC Asheville,4,2,1.73,16,2,0,0,2,52,40,17,10,16,36,7,2,0.214
Ben Magovern,Bucknell,2,5,6.53,12,10,0,0,0,51,62,42,37,22,36,6,4,0.297
Bryant Shives,Mount St. Mary's,1,3,9.74,14,8,0,0,0,49,69,63,53,34,36,0,11,0.34
Zach Patterson,Pacific,1,7,6.96,14,11,0,0,0,63.1,67,49,49,29,35,11,8,0.268
Anthony Fett,Akron,0,10,8.71,13,13,2,0,0,61,86,68,59,23,35,8,5,0.333
Nestor German,Seattle,2,4,6.99,14,10,0,0,0,56.2,71,51,44,31,35,5,7,0.314
Santhosh Gottam,Brown,4,5,5.52,14,5,0,0,0,44,55,31,27,10,35,6,3,0.311
Cody Carlson,South Dakota State,7,5,3.66,13,12,1,1,0,64,62,32,26,16,34,1,8,0.252
Brandon Lashley,Stony Brook,2,3,5.07,14,10,0,0,0,60.1,66,36,34,21,34,1,3,0.28
Kaden Riccomini,UC Davis,2,5,5.93,12,4,0,0,0,57.2,75,44,38,18,34,5,4,0.329
Joe Richter,Stephen F. Austin,3,4,5.21,11,10,0,0,0,55.1,59,37,32,15,34,4,8,0.266
Tyler Frazier,UC Riverside,0,8,7.93,14,13,0,0,0,53.1,73,53,47,37,34,10,13,0.336
Matthew Shirah,Navy,3,2,5.51,11,11,0,0,0,49,59,32,30,16,34,1,8,0.296
Brooks Walton,UAB,6,5,4.68,14,14,1,0,0,65.1,75,42,34,15,33,3,4,0.287
Nick Crandell,Western Michigan,2,6,7.19,15,10,1,0,0,61.1,94,52,49,18,33,6,2,0.356
Brian Raymond,Western Illinois,0,6,6.79,17,10,0,0,0,54.1,57,44,41,31,33,17,11,0.279
Daniel Hegarty,Kansas,6,6,5.33,18,9,2,0,0,72.2,88,53,43,20,32,1,10,0.3
Aaron Eden,San Jose State,6,3,6.55,17,12,0,0,0,67.1,89,58,49,28,32,7,4,0.325
Fynn Chester,Cal State Fullerton,3,1,2.3,23,6,1,1,0,62.2,59,20,16,12,32,2,1,0.25
Seth Petry,Tennessee-Martin,2,9,7.43,15,8,0,0,0,59.1,77,61,49,25,32,9,6,0.318
Sean Sinisko,Illinois State,2,5,5.03,13,13,0,0,0,53.2,69,31,30,16,32,8,1,0.309
Isaiah Valenzuela,Mississippi Valley State,3,6,10.01,20,8,0,0,1,50.1,87,72,56,34,32,12,10,0.395
Jake Babuschak,Sacred Heart,2,8,8.59,15,9,0,0,0,58.2,79,67,56,29,31,6,13,0.315
Nate Mitchell,Navy,2,3,6.43,10,10,0,0,0,49,76,40,35,2,31,0,4,0.347
Peter Carreca,Delaware State,3,2,4.28,13,8,1,0,1,48.1,51,26,23,21,31,8,3,0.273
Eric Marrujo,UC Riverside,2,7,8.52,15,10,1,0,0,56,74,54,53,28,30,2,13,0.325
Cedric Gillette,Merrimack,4,6,6.92,14,14,0,0,0,67.2,86,57,52,24,29,4,11,0.314
Tucker Juline,UC Riverside,2,7,7.49,19,9,0,0,0,57.2,76,54,48,25,29,4,6,0.322
Brenden Roder,Ohio,4,3,4.94,14,9,0,0,0,54.2,68,42,30,10,29,1,7,0.296
Luke Roggenburk,St. Bonaventure,1,5,6.89,22,7,0,0,0,47,59,43,36,28,29,5,5,0.299
Liam Golden,Navy,3,7,5.4,11,10,1,0,0,45,50,30,27,11,28,4,7,0.275
Andrew D'Alessio,Princeton,1,6,7.63,11,11,0,0,0,61.1,74,63,52,40,26,4,7,0.301
Kevin Warunek,Longwood,4,4,6.41,14,14,0,0,0,53.1,67,43,38,20,26,3,7,0.312
Drew Helmstetter,Iona,2,2,6.19,10,7,0,0,0,48,58,38,33,20,26,3,4,0.287
Chris Ellison,Cornell,0,1,8.06,18,4,0,0,0,41.1,59,41,37,24,26,3,3,0.339
Jake Rappaport,New Jersey Tech,3,7,7.86,21,9,0,0,2,63,89,59,55,33,25,7,9,0.333
Austin Guzman,Alcorn State,2,7,13.5,15,11,0,0,0,43.1,74,72,65,45,25,13,10,0.398
Noah Whitted,Alabama A&M,2,5,7.14,11,11,0,0,0,51.2,72,52,41,17,23,5,8,0.34
Logan Koester,George Washington,3,2,4.73,14,6,0,0,0,53.1,61,31,28,13,22,2,5,0.289
Luke Fox,,,,6.34,,,,,,,,,,,,,,
Connor Tomasic,,,,4.43,,,,,,,,,,,,,,
Connor Bovair,,,,5.5,,,,,,,,,,,,,,
Ryan Prager,,,,5.16,,,,,,,,,,,,,,
Cam Brown,,,,4.42,,,,,,,,,,,,,,
Blake Money,,,,5.31,,,,,,,,,,,,,,
"	
Caleb Reinhardt",,,,6.31,,,,,,,,,,,,,,
Zachary Maxwell,,,,5.26,,,,,,,,,,,,,,
Joseph Menefee,,,,5.6,,,,,,,,,,,,,,
John Medich,,,,6.75,,,,,,,,,,,,,,
Cameron Walty,,,,5.04,,,,,,,,,,,,,,
Ethan Flanagan,,,,3.28,,,,,,,,,,,,,,
Liam Sullivan,,,,4.62,,,,,,,,,,,,,,
Trey Horton,,,,4.42,,,,,,,,,,,,,,
Cade Horton,,,,4.86,,,,,,,,,,,,,,
Carson Montgomery,,,,5,,,,,,,,,,,,,,
Cade Austin,,,,3.17,,,,,,,,,,,,,,
Gabe Karslo,,,,6.62,,,,,,,,,,,,,,
Christopher Cortez,,,,4.91,,,,,,,,,,,,,,
Dylan Johnson,,,,4.94,,,,,,,,,,,,,,
Kyle Gamble,,,,6.65,,,,,,,,,,,,,,
Jake Brooks,,,,3.96,,,,,,,,,,,,,,
Grant Holderfield,,,,7.4,,,,,,,,,,,,,,
Connor Linn,,,,4.07,,,,,,,,,,,,,,
Seth Keener,,,,5.87,,,,,,,,,,,,,,
Evan Yates,,,,5.11,,,,,,,,,,,,,,
Davis Palermo,,,,2.78,,,,,,,,,,,,,,
Thomas Burbank,,,,6.44,,,,,,,,,,,,,,
Roman Phansalkar,,,,3.46,,,,,,,,,,,,,,
Cooper Stinson,,,,7.01,,,,,,,,,,,,,,
Ryan Szczepaniak,,,,6.17,,,,,,,,,,,,,,
Ryan Hawks,,,,4.96,,,,,,,,,,,,,,
Zach Segal,,,,7.19,,,,,,,,,,,,,,
Reese Sharp,,,,6.42,,,,,,,,,,,,,,
Marques Jackson,,,,3.25,,,,,,,,,,,,,,
Matt Fields,,,,1.99,,,,,,,,,,,,,,
Zach Voelker,,,,6.05,,,,,,,,,,,,,,
Devereaux Harrison,,,,6.15,,,,,,,,,,,,,,
Luis Ramirez,,,,2.14,,,,,,,,,,,,,,
Jonathan Carlos,,,,2.76,,,,,,,,,,,,,,
John Gaddis,,,,4.2,,,,,,,,,,,,,,
Jack Dougherty,,,,4.91,,,,,,,,,,,,,,
Brandon Johnson,,,,4.32,,,,,,,,,,,,,,
Jack Washburn,,,,3.35,,,,,,,,,,,,,,
Jack Gowen,,,,2.39,,,,,,,,,,,,,,
Chandler Marsh,,,,3.74,,,,,,,,,,,,,,
Jaden Woods,,,,4.64,,,,,,,,,,,,,,
Nolan Crisp,,,,5.12,,,,,,,,,,,,,,
Luke Wagner,,,,6.15,,,,,,,,,,,,,,
Ty Floyd,,,,3.77,,,,,,,,,,,,,,
Eric Reyzelmen,,,,4.04,,,,,,,,,,,,,,
Riley Cooper,,,,4.21,,,,,,,,,,,,,,
Paul Gervase,,,,1.85,,,,,,,,,,,,,,
Samuel Dutton,,,,5.12,,,,,,,,,,,,,,
Will McEntire,,,,2.59,,,,,,,,,,,,,,
Jaxon Wiggins,,,,6.55,,,,,,,,,,,,,,
Evan Taylor,,,,3.65,,,,,,,,,,,,,,
Kole Ramage,,,,4.8,,,,,,,,,,,,,,
Zack Morris,,,,2.31,,,,,,,,,,,,,,
Nate Haberthier,,,,6.75,,,,,,,,,,,,,,
Ethan Hammerberg,,,,4.54,,,,,,,,,,,,,,
Dawson McCarville,,,,6.47,,,,,,,,,,,,,,
Mason Ornelas,,,,5.31,,,,,,,,,,,,,,
Ben Gorski,,,,4.14,,,,,,,,,,,,,,
Sam Bello,,,,3.3,,,,,,,,,,,,,,
Aaron Nixon,,,,5.04,,,,,,,,,,,,,,
Zane Morehouse,,,,6,,,,,,,,,,,,,,
Travis Sthele,,,,6.03,,,,,,,,,,,,,,
Brennen Oxford,,,,6.6,,,,,,,,,,,,,,
Wyatt Crowell,,,,2.16,,,,,,,,,,,,,,
Ross Dunn,,,,4.88,,,,,,,,,,,,,,
Jonah Scolaro,,,,3.25,,,,,,,,,,,,,,
Davis Hare,,,,3.72,,,,,,,,,,,,,,
Geoffrey Gilbert,,,,5.2,,,,,,,,,,,,,,
Nick Hoffman,,,,6.4,,,,,,,,,,,,,,
Jay Dill,,,,5.45,,,,,,,,,,,,,,
Billy Barlow,,,,4.84,,,,,,,,,,,,,,
Ryan Kraft,,,,9.78,,,,,,,,,,,,,,
Christian Culpepper,,,,3.26,,,,,,,,,,,,,,
Spencer Bengard,,,,4.05,,,,,,,,,,,,,,
Jared Villalobos,,,,4.3,,,,,,,,,,,,,,
Chris Villaman,,,,3.4,,,,,,,,,,,,,,
